MMSI,BaseDateTime,LAT,LON,SOG,COG,Heading,VesselName,IMO,CallSign,VesselType,Status,Length,Width,Draft,Cargo,TransceiverClass
367455780,2022-03-31T09:11:12,29.19160,-89.96436,15.6,225.2,511.0,ZACHARY TAYLOR,IMO8982589,WDF4780,60,13,35,7,,60,A
367455780,2022-03-31T09:12:18,29.18828,-89.96812,15.6,222.6,511.0,ZACHARY TAYLOR,IMO8982589,WDF4780,60,13,35,7,,60,A
368099290,2022-04-01T06:39:19,29.19099,-89.95438,10.3,223.7,511.0,GOL MOVER,IMO9184134,WDK8980,7,4,40,11,3.0,7,A
368099290,2022-04-01T06:40:39,29.18803,-89.95755,10.4,223.5,511.0,GOL MOVER,IMO9184134,WDK8980,7,4,40,11,3.0,7,A
368099290,2022-04-01T06:41:58,29.18514,-89.96068,10.8,224.3,511.0,GOL MOVER,IMO9184134,WDK8980,7,4,40,11,3.0,7,A
368099290,2022-04-01T06:43:09,29.18249,-89.96340,10.8,219.2,511.0,GOL MOVER,IMO9184134,WDK8980,7,4,40,11,3.0,7,A
368099290,2022-04-01T06:44:19,29.17982,-89.96597,10.6,220.0,511.0,GOL MOVER,IMO9184134,WDK8980,7,4,40,11,3.0,7,A
368099290,2022-04-01T06:45:28,29.17721,-89.96867,11.1,223.4,511.0,GOL MOVER,IMO9184134,WDK8980,7,4,40,11,3.0,7,A
367606390,2022-04-01T10:26:48,29.19017,-89.87365,10.3,163.2,160.0,BADGER,IMO9089607,WDH3307,90,0,45,10,,0,A
367606390,2022-04-01T10:27:58,29.18696,-89.87258,10.4,164.0,161.0,BADGER,IMO9089607,WDH3307,90,0,45,10,,0,A
367606390,2022-04-01T10:28:59,29.18418,-89.87166,10.3,163.9,161.0,BADGER,IMO9089607,WDH3307,90,0,45,10,,0,A
367606390,2022-04-01T10:30:08,29.18104,-89.87061,10.1,163.8,161.0,BADGER,IMO9089607,WDH3307,90,0,45,10,,0,A
367606390,2022-04-01T10:31:18,29.17784,-89.86959,10.2,165.6,164.0,BADGER,IMO9089607,WDH3307,90,0,45,10,,0,A
367606390,2022-04-01T10:32:28,29.17447,-89.86908,10.5,172.9,170.0,BADGER,IMO9089607,WDH3307,90,0,45,10,,0,A
367606390,2022-04-01T10:33:37,29.17117,-89.86862,10.3,172.9,170.0,BADGER,IMO9089607,WDH3307,90,0,45,10,,0,A
367606390,2022-04-01T10:34:57,29.16733,-89.86840,10.4,181.9,179.0,BADGER,IMO9089607,WDH3307,90,0,45,10,,0,A
367606390,2022-04-01T10:36:18,29.16333,-89.86858,10.6,181.7,177.0,BADGER,IMO9089607,WDH3307,90,0,45,10,,0,A
367606390,2022-04-01T10:37:28,29.15993,-89.86857,10.5,180.4,177.0,BADGER,IMO9089607,WDH3307,90,0,45,10,,0,A
367606390,2022-04-01T10:38:39,29.15649,-89.86862,10.3,180.5,177.0,BADGER,IMO9089607,WDH3307,90,0,45,10,,0,A
367606390,2022-04-01T10:39:47,29.15319,-89.86863,10.5,179.8,177.0,BADGER,IMO9089607,WDH3307,90,0,45,10,,0,A
367606390,2022-04-01T10:40:57,29.14978,-89.86868,10.4,181.4,177.0,BADGER,IMO9089607,WDH3307,90,0,45,10,,0,A
367606390,2022-04-01T10:41:58,29.14684,-89.86871,10.4,179.2,174.0,BADGER,IMO9089607,WDH3307,90,0,45,10,,0,A
367606390,2022-04-01T10:43:07,29.14348,-89.86861,10.4,178.4,175.0,BADGER,IMO9089607,WDH3307,90,0,45,10,,0,A
367606390,2022-04-01T10:44:27,29.13961,-89.86855,10.5,179.0,175.0,BADGER,IMO9089607,WDH3307,90,0,45,10,,0,A
367606390,2022-04-01T10:45:37,29.13624,-89.86846,10.5,179.6,175.0,BADGER,IMO9089607,WDH3307,90,0,45,10,,0,A
367606390,2022-04-01T10:46:57,29.13234,-89.86841,10.5,179.0,175.0,BADGER,IMO9089607,WDH3307,90,0,45,10,,0,A
367606390,2022-04-01T10:48:07,29.12888,-89.86834,10.5,178.9,174.0,BADGER,IMO9089607,WDH3307,90,0,45,10,,0,A
367606390,2022-04-01T10:49:09,29.12592,-89.86828,10.4,178.9,175.0,BADGER,IMO9089607,WDH3307,90,0,45,10,,0,A
367606390,2022-04-01T10:50:28,29.12204,-89.86824,10.5,179.7,175.0,BADGER,IMO9089607,WDH3307,90,0,45,10,,0,A
367606390,2022-04-01T10:51:37,29.11870,-89.86818,10.3,179.2,174.0,BADGER,IMO9089607,WDH3307,90,0,45,10,,0,A
367606390,2022-04-01T10:52:57,29.11487,-89.86814,10.4,180.3,175.0,BADGER,IMO9089607,WDH3307,90,0,45,10,,0,A
367606390,2022-04-01T10:54:09,29.11141,-89.86810,10.4,178.2,173.0,BADGER,IMO9089607,WDH3307,90,0,45,10,,0,A
367606390,2022-04-01T10:55:17,29.10809,-89.86801,10.4,178.6,173.0,BADGER,IMO9089607,WDH3307,90,0,45,10,,0,A
367606390,2022-04-01T10:56:48,29.10364,-89.86794,10.5,179.6,174.0,BADGER,IMO9089607,WDH3307,90,0,45,10,,0,A
367606390,2022-04-01T10:57:49,29.10070,-89.86790,10.5,179.5,173.0,BADGER,IMO9089607,WDH3307,90,0,45,10,,0,A
367606390,2022-04-01T10:58:58,29.09734,-89.86786,10.4,179.0,173.0,BADGER,IMO9089607,WDH3307,90,0,45,10,,0,A
367606390,2022-04-01T11:00:07,29.09394,-89.86781,10.5,179.3,173.0,BADGER,IMO9089607,WDH3307,90,0,45,10,,0,A
367606390,2022-04-01T11:01:17,29.09057,-89.86751,10.4,174.6,169.0,BADGER,IMO9089607,WDH3307,90,0,45,10,,0,A
367606390,2022-04-01T11:02:28,29.08715,-89.86716,10.3,175.6,169.0,BADGER,IMO9089607,WDH3307,90,0,45,10,,0,A
367606390,2022-04-01T11:03:38,29.08377,-89.86683,10.5,175.0,169.0,BADGER,IMO9089607,WDH3307,90,0,45,10,,0,A
367606390,2022-04-01T11:04:48,29.08038,-89.86650,10.5,175.6,169.0,BADGER,IMO9089607,WDH3307,90,0,45,10,,0,A
367606390,2022-04-01T11:05:58,29.07701,-89.86621,10.4,176.4,168.0,BADGER,IMO9089607,WDH3307,90,0,45,10,,0,A
367606390,2022-04-01T11:07:08,29.07359,-89.86590,10.5,176.3,169.0,BADGER,IMO9089607,WDH3307,90,0,45,10,,0,A
367606390,2022-04-01T11:08:17,29.07027,-89.86563,10.4,176.0,168.0,BADGER,IMO9089607,WDH3307,90,0,45,10,,0,A
367606390,2022-04-01T11:09:28,29.06684,-89.86533,10.5,175.9,169.0,BADGER,IMO9089607,WDH3307,90,0,45,10,,0,A
367606390,2022-04-01T11:10:38,29.06345,-89.86505,10.4,175.9,169.0,BADGER,IMO9089607,WDH3307,90,0,45,10,,0,A
367606390,2022-04-01T11:11:47,29.06012,-89.86476,10.5,176.0,169.0,BADGER,IMO9089607,WDH3307,90,0,45,10,,0,A
367606390,2022-04-01T11:13:08,29.05617,-89.86444,10.6,175.3,168.0,BADGER,IMO9089607,WDH3307,90,0,45,10,,0,A
367606390,2022-04-01T11:14:18,29.05273,-89.86414,10.6,175.3,169.0,BADGER,IMO9089607,WDH3307,90,0,45,10,,0,A
367606390,2022-04-01T11:15:28,29.04928,-89.86381,10.6,174.8,168.0,BADGER,IMO9089607,WDH3307,90,0,45,10,,0,A
367606390,2022-04-01T11:16:37,29.04599,-89.86351,10.4,175.6,169.0,BADGER,IMO9089607,WDH3307,90,0,45,10,,0,A
367606390,2022-04-01T11:17:47,29.04256,-89.86322,10.3,175.3,169.0,BADGER,IMO9089607,WDH3307,90,0,45,10,,0,A
367390720,2022-04-01T14:26:50,29.18973,-89.84569,16.4,130.0,511.0,INTRUDER,IMO8964123,WDE7232,60,15,50,9,1.9,60,A
367390720,2022-04-01T14:27:56,29.18651,-89.84130,16.5,131.4,511.0,INTRUDER,IMO8964123,WDE7232,60,15,50,9,1.9,60,A
367390720,2022-04-01T14:29:01,29.18329,-89.83689,16.4,130.7,511.0,INTRUDER,IMO8964123,WDE7232,60,15,50,9,1.9,60,A
367390720,2022-04-01T14:30:07,29.18007,-89.83248,16.5,131.1,511.0,INTRUDER,IMO8964123,WDE7232,60,15,50,9,1.9,60,A
367390720,2022-04-01T14:31:13,29.17681,-89.82805,16.5,130.3,511.0,INTRUDER,IMO8964123,WDE7232,60,15,50,9,1.9,60,A
367390720,2022-04-01T14:32:19,29.17356,-89.82362,16.5,130.1,511.0,INTRUDER,IMO8964123,WDE7232,60,15,50,9,1.9,60,A
367390720,2022-04-01T14:33:31,29.17001,-89.81877,16.5,131.4,511.0,INTRUDER,IMO8964123,WDE7232,60,15,50,9,1.9,60,A
367390720,2022-04-01T14:34:37,29.16679,-89.81440,16.6,130.8,511.0,INTRUDER,IMO8964123,WDE7232,60,15,50,9,1.9,60,A
367390720,2022-04-01T14:35:44,29.16350,-89.80987,16.7,130.0,511.0,INTRUDER,IMO8964123,WDE7232,60,15,50,9,1.9,60,A
367390720,2022-04-01T14:36:49,29.16029,-89.80550,16.6,128.6,511.0,INTRUDER,IMO8964123,WDE7232,60,15,50,9,1.9,60,A
367606390,2022-04-01T21:46:47,29.04006,-89.85959,10.6,341.2,344.0,BADGER,IMO9089607,WDH3307,90,0,45,10,,0,A
367606390,2022-04-01T21:47:57,29.04333,-89.86086,10.6,340.9,344.0,BADGER,IMO9089607,WDH3307,90,0,45,10,,0,A
367606390,2022-04-01T21:49:19,29.04718,-89.86236,10.8,341.0,344.0,BADGER,IMO9089607,WDH3307,90,0,45,10,,0,A
367606390,2022-04-01T21:50:28,29.05042,-89.86360,10.7,341.3,344.0,BADGER,IMO9089607,WDH3307,90,0,45,10,,0,A
367606390,2022-04-01T21:51:47,29.05411,-89.86502,10.2,341.3,344.0,BADGER,IMO9089607,WDH3307,90,0,45,10,,0,A
367606390,2022-04-01T21:52:57,29.05639,-89.86600,6.2,339.0,344.0,BADGER,IMO9089607,WDH3307,90,0,45,10,,0,A
367606390,2022-04-01T21:54:08,29.05809,-89.86677,5.4,338.6,344.0,BADGER,IMO9089607,WDH3307,90,0,45,10,,0,A
367606390,2022-04-01T21:55:48,29.06035,-89.86782,5.1,337.2,344.0,BADGER,IMO9089607,WDH3307,90,0,45,10,,0,A
367606390,2022-04-01T21:56:57,29.06185,-89.86851,5.0,338.8,344.0,BADGER,IMO9089607,WDH3307,90,0,45,10,,0,A
367606390,2022-04-01T21:58:08,29.06343,-89.86919,5.2,339.2,344.0,BADGER,IMO9089607,WDH3307,90,0,45,10,,0,A
367606390,2022-04-01T21:59:09,29.06520,-89.86992,9.0,342.3,345.0,BADGER,IMO9089607,WDH3307,90,0,45,10,,0,A
367606390,2022-04-01T22:00:09,29.06794,-89.87088,10.6,342.7,344.0,BADGER,IMO9089607,WDH3307,90,0,45,10,,0,A
367606390,2022-04-01T22:01:37,29.07212,-89.87236,10.8,342.5,344.0,BADGER,IMO9089607,WDH3307,90,0,45,10,,0,A
367606390,2022-04-01T22:02:47,29.07548,-89.87358,10.8,342.3,343.0,BADGER,IMO9089607,WDH3307,90,0,45,10,,0,A
367606390,2022-04-01T22:03:58,29.07883,-89.87481,10.7,342.0,343.0,BADGER,IMO9089607,WDH3307,90,0,45,10,,0,A
367606390,2022-04-01T22:05:07,29.08212,-89.87599,10.8,342.7,344.0,BADGER,IMO9089607,WDH3307,90,0,45,10,,0,A
367606390,2022-04-01T22:06:17,29.08545,-89.87718,10.6,342.9,344.0,BADGER,IMO9089607,WDH3307,90,0,45,10,,0,A
367606390,2022-04-01T22:07:28,29.08879,-89.87833,10.7,342.9,344.0,BADGER,IMO9089607,WDH3307,90,0,45,10,,0,A
367606390,2022-04-01T22:08:48,29.09255,-89.87967,10.6,342.1,343.0,BADGER,IMO9089607,WDH3307,90,0,45,10,,0,A
367606390,2022-04-01T22:09:58,29.09581,-89.88085,10.5,342.5,344.0,BADGER,IMO9089607,WDH3307,90,0,45,10,,0,A
367606390,2022-04-01T22:11:07,29.09904,-89.88200,10.6,342.9,344.0,BADGER,IMO9089607,WDH3307,90,0,45,10,,0,A
367606390,2022-04-01T22:12:09,29.10196,-89.88303,10.6,343.0,345.0,BADGER,IMO9089607,WDH3307,90,0,45,10,,0,A
367606390,2022-04-01T22:13:17,29.10520,-89.88415,10.6,343.0,344.0,BADGER,IMO9089607,WDH3307,90,0,45,10,,0,A
367606390,2022-04-01T22:14:28,29.10850,-89.88530,10.6,343.0,343.0,BADGER,IMO9089607,WDH3307,90,0,45,10,,0,A
367606390,2022-04-01T22:15:37,29.11173,-89.88641,10.7,344.0,345.0,BADGER,IMO9089607,WDH3307,90,0,45,10,,0,A
367606390,2022-04-01T22:16:48,29.11501,-89.88755,10.5,343.3,344.0,BADGER,IMO9089607,WDH3307,90,0,45,10,,0,A
367606390,2022-04-01T22:17:58,29.11825,-89.88867,10.5,343.3,344.0,BADGER,IMO9089607,WDH3307,90,0,45,10,,0,A
367606390,2022-04-01T22:19:48,29.12343,-89.89045,10.6,342.6,343.0,BADGER,IMO9089607,WDH3307,90,0,45,10,,0,A
367606390,2022-04-01T22:20:57,29.12658,-89.89153,10.4,343.2,343.0,BADGER,IMO9089607,WDH3307,90,0,45,10,,0,A
367606390,2022-04-01T22:22:08,29.12992,-89.89263,10.3,343.7,343.0,BADGER,IMO9089607,WDH3307,90,0,45,10,,0,A
367606390,2022-04-01T22:23:09,29.13268,-89.89353,10.4,344.1,345.0,BADGER,IMO9089607,WDH3307,90,0,45,10,,0,A
367606390,2022-04-01T22:24:28,29.13632,-89.89470,10.3,343.9,344.0,BADGER,IMO9089607,WDH3307,90,0,45,10,,0,A
367606390,2022-04-01T22:25:38,29.13953,-89.89583,10.3,339.8,338.0,BADGER,IMO9089607,WDH3307,90,0,45,10,,0,A
367606390,2022-04-01T22:26:57,29.14303,-89.89739,10.3,338.2,338.0,BADGER,IMO9089607,WDH3307,90,0,45,10,,0,A
367606390,2022-04-01T22:28:08,29.14622,-89.89882,10.2,338.3,337.0,BADGER,IMO9089607,WDH3307,90,0,45,10,,0,A
367606390,2022-04-01T22:29:28,29.14972,-89.90044,10.4,338.3,337.0,BADGER,IMO9089607,WDH3307,90,0,45,10,,0,A
367606390,2022-04-01T22:30:38,29.15283,-89.90184,10.5,338.9,338.0,BADGER,IMO9089607,WDH3307,90,0,45,10,,0,A
367606390,2022-04-01T22:31:49,29.15599,-89.90324,10.2,338.3,338.0,BADGER,IMO9089607,WDH3307,90,0,45,10,,0,A
367606390,2022-04-01T22:33:07,29.15947,-89.90478,10.1,338.9,337.0,BADGER,IMO9089607,WDH3307,90,0,45,10,,0,A
367606390,2022-04-01T22:34:18,29.16260,-89.90601,10.1,348.8,352.0,BADGER,IMO9089607,WDH3307,90,0,45,10,,0,A
367606390,2022-04-01T22:35:28,29.16581,-89.90592,10.0,3.1,3.0,BADGER,IMO9089607,WDH3307,90,0,45,10,,0,A
367606390,2022-04-01T22:36:37,29.16906,-89.90570,9.9,2.9,3.0,BADGER,IMO9089607,WDH3307,90,0,45,10,,0,A
367606390,2022-04-01T22:37:48,29.17234,-89.90546,10.1,3.3,5.0,BADGER,IMO9089607,WDH3307,90,0,45,10,,0,A
367606390,2022-04-01T22:38:49,29.17518,-89.90528,10.0,4.2,4.0,BADGER,IMO9089607,WDH3307,90,0,45,10,,0,A
367606390,2022-04-01T22:39:58,29.17836,-89.90504,9.9,4.1,5.0,BADGER,IMO9089607,WDH3307,90,0,45,10,,0,A
367606390,2022-04-01T22:41:07,29.18155,-89.90480,9.8,3.9,4.0,BADGER,IMO9089607,WDH3307,90,0,45,10,,0,A
367606390,2022-04-01T22:42:08,29.18432,-89.90457,10.0,3.8,4.0,BADGER,IMO9089607,WDH3307,90,0,45,10,,0,A
367606390,2022-04-01T22:43:27,29.18787,-89.90426,9.6,4.2,3.0,BADGER,IMO9089607,WDH3307,90,0,45,10,,0,A
367606390,2022-04-01T22:44:37,29.19103,-89.90397,9.7,5.8,4.0,BADGER,IMO9089607,WDH3307,90,0,45,10,,0,A
366982350,2022-03-31T09:22:30,29.19050,-89.84971,11.2,138.6,511.0,MS CHRISTINE,IMO9117026,WDI6837,60,0,46,9,,0,A
366982350,2022-03-31T09:23:40,29.18759,-89.84693,11.5,138.5,511.0,MS CHRISTINE,IMO9117026,WDI6837,60,0,46,9,,0,A
366982350,2022-03-31T09:25:10,29.18399,-89.84337,11.4,140.6,511.0,MS CHRISTINE,IMO9117026,WDI6837,60,0,46,9,,0,A
366982350,2022-03-31T09:26:30,29.18089,-89.84005,11.1,123.2,511.0,MS CHRISTINE,IMO9117026,WDI6837,60,0,46,9,,0,A
366982350,2022-03-31T09:27:31,29.17855,-89.83754,12.2,145.1,511.0,MS CHRISTINE,IMO9117026,WDI6837,60,0,46,9,,0,A
366982350,2022-03-31T09:28:40,29.17574,-89.83495,12.1,145.3,511.0,MS CHRISTINE,IMO9117026,WDI6837,60,0,46,9,,0,A
366982350,2022-03-31T09:29:52,29.17263,-89.83228,12.4,154.3,511.0,MS CHRISTINE,IMO9117026,WDI6837,60,0,46,9,,0,A
366982350,2022-03-31T09:31:01,29.17020,-89.82928,11.9,139.6,511.0,MS CHRISTINE,IMO9117026,WDI6837,60,0,46,9,,0,A
366982350,2022-03-31T09:32:11,29.16675,-89.82792,11.6,177.3,511.0,MS CHRISTINE,IMO9117026,WDI6837,60,0,46,9,,0,A
366982350,2022-03-31T09:33:30,29.16377,-89.82500,11.5,136.1,511.0,MS CHRISTINE,IMO9117026,WDI6837,60,0,46,9,,0,A
366982350,2022-03-31T09:34:40,29.16123,-89.82197,10.9,128.3,511.0,MS CHRISTINE,IMO9117026,WDI6837,60,0,46,9,,0,A
366982350,2022-03-31T09:35:51,29.15879,-89.81875,12.0,149.7,511.0,MS CHRISTINE,IMO9117026,WDI6837,60,0,46,9,,0,A
366982350,2022-03-31T09:37:01,29.15654,-89.81568,10.7,111.5,511.0,MS CHRISTINE,IMO9117026,WDI6837,60,0,46,9,,0,A
366982350,2022-03-31T09:38:21,29.15372,-89.81220,10.4,130.8,511.0,MS CHRISTINE,IMO9117026,WDI6837,60,0,46,9,,0,A
366982350,2022-03-31T09:39:31,29.15103,-89.80944,11.3,137.4,511.0,MS CHRISTINE,IMO9117026,WDI6837,60,0,46,9,,0,A
366982350,2022-03-31T09:41:10,29.14684,-89.80569,12.3,143.3,511.0,MS CHRISTINE,IMO9117026,WDI6837,60,0,46,9,,0,A
366982350,2022-03-31T09:42:20,29.14395,-89.80292,11.8,146.3,511.0,MS CHRISTINE,IMO9117026,WDI6837,60,0,46,9,,0,A
366989120,2022-03-31T10:27:01,29.18925,-89.95144,16.5,232.3,511.0,MARY GRACE,IMO9320350,WDH7968,60,0,54,9,,60,A
366989120,2022-03-31T10:28:02,29.18616,-89.95546,16.7,232.5,511.0,MARY GRACE,IMO9320350,WDH7968,60,0,54,9,,60,A
366989120,2022-03-31T10:29:07,29.18279,-89.95989,17.4,228.5,511.0,MARY GRACE,IMO9320350,WDH7968,60,0,54,9,,60,A
366989120,2022-03-31T10:30:13,29.17935,-89.96437,16.9,233.7,511.0,MARY GRACE,IMO9320350,WDH7968,60,0,54,9,,60,A
366989120,2022-03-31T10:31:19,29.17588,-89.96896,16.5,235.1,511.0,MARY GRACE,IMO9320350,WDH7968,60,0,54,9,,60,A
367582190,2022-03-31T10:40:24,29.18850,-89.87145,18.3,141.4,511.0,LYLA ANGELLE,IMO8973318,WDG8896,60,0,41,8,2.7,60,A
367582190,2022-03-31T10:41:30,29.18400,-89.86785,17.5,147.6,511.0,LYLA ANGELLE,IMO8973318,WDG8896,60,0,41,8,2.7,60,A
367582190,2022-03-31T10:42:36,29.17962,-89.86440,17.2,142.0,511.0,LYLA ANGELLE,IMO8973318,WDG8896,60,0,41,8,2.7,60,A
367582190,2022-03-31T10:43:48,29.17423,-89.86110,18.6,152.7,511.0,LYLA ANGELLE,IMO8973318,WDG8896,60,0,41,8,2.7,60,A
367582190,2022-03-31T10:44:54,29.16949,-89.85787,17.7,149.6,511.0,LYLA ANGELLE,IMO8973318,WDG8896,60,0,41,8,2.7,60,A
367582190,2022-03-31T10:46:01,29.16474,-89.85457,18.7,146.2,511.0,LYLA ANGELLE,IMO8973318,WDG8896,60,0,41,8,2.7,60,A
367582190,2022-03-31T10:47:12,29.15935,-89.85144,16.3,155.7,511.0,LYLA ANGELLE,IMO8973318,WDG8896,60,0,41,8,2.7,60,A
367582190,2022-03-31T10:48:24,29.15364,-89.84862,19.2,156.9,511.0,LYLA ANGELLE,IMO8973318,WDG8896,60,0,41,8,2.7,60,A
367582190,2022-03-31T10:49:25,29.14928,-89.84564,19.2,152.7,511.0,LYLA ANGELLE,IMO8973318,WDG8896,60,0,41,8,2.7,60,A
367582190,2022-03-31T10:50:31,29.14401,-89.84357,19.0,157.3,511.0,LYLA ANGELLE,IMO8973318,WDG8896,60,0,41,8,2.7,60,A
368085810,2022-03-31T10:51:13,29.19087,-89.94530,13.8,220.6,511.0,GOL LIGHTNING,,WDK7581,60,0,38,8,3.0,60,A
367582190,2022-03-31T10:51:36,29.13909,-89.84065,18.7,148.4,511.0,LYLA ANGELLE,IMO8973318,WDG8896,60,0,41,8,2.7,60,A
368085810,2022-03-31T10:52:19,29.18748,-89.94863,14.1,217.6,511.0,GOL LIGHTNING,,WDK7581,60,0,38,8,3.0,60,A
367582190,2022-03-31T10:53:01,29.13326,-89.83585,17.1,138.0,511.0,LYLA ANGELLE,IMO8973318,WDG8896,60,0,41,8,2.7,60,A
368085810,2022-03-31T10:53:32,29.18401,-89.95268,14.0,228.3,511.0,GOL LIGHTNING,,WDK7581,60,0,38,8,3.0,60,A
367582190,2022-03-31T10:54:12,29.12859,-89.83150,18.4,133.3,511.0,LYLA ANGELLE,IMO8973318,WDG8896,60,0,41,8,2.7,60,A
368085810,2022-03-31T10:54:38,29.18078,-89.95618,14.0,228.1,511.0,GOL LIGHTNING,,WDK7581,60,0,38,8,3.0,60,A
367582190,2022-03-31T10:55:18,29.12417,-89.82760,18.0,147.6,511.0,LYLA ANGELLE,IMO8973318,WDG8896,60,0,41,8,2.7,60,A
368085810,2022-03-31T10:55:49,29.17747,-89.96029,15.3,227.8,511.0,GOL LIGHTNING,,WDK7581,60,0,38,8,3.0,60,A
367582190,2022-03-31T10:56:25,29.11917,-89.82441,18.0,149.9,511.0,LYLA ANGELLE,IMO8973318,WDG8896,60,0,41,8,2.7,60,A
368085810,2022-03-31T10:56:56,29.17413,-89.96364,14.5,227.2,511.0,GOL LIGHTNING,,WDK7581,60,0,38,8,3.0,60,A
367582190,2022-03-31T10:58:01,29.11198,-89.81977,18.6,156.0,511.0,LYLA ANGELLE,IMO8973318,WDG8896,60,0,41,8,2.7,60,A
368085810,2022-03-31T10:58:08,29.17048,-89.96728,14.1,232.8,511.0,GOL LIGHTNING,,WDK7581,60,0,38,8,3.0,60,A
367582190,2022-03-31T10:59:06,29.10697,-89.81691,17.7,151.9,511.0,LYLA ANGELLE,IMO8973318,WDG8896,60,0,41,8,2.7,60,A
367582190,2022-03-31T11:00:01,29.10285,-89.81426,18.8,148.1,511.0,LYLA ANGELLE,IMO8973318,WDG8896,60,0,41,8,2.7,60,A
367582190,2022-03-31T11:01:06,29.09787,-89.81145,18.6,160.8,511.0,LYLA ANGELLE,IMO8973318,WDG8896,60,0,41,8,2.7,60,A
367582190,2022-03-31T11:02:12,29.09286,-89.80846,18.6,151.3,511.0,LYLA ANGELLE,IMO8973318,WDG8896,60,0,41,8,2.7,60,A
367582190,2022-03-31T11:03:18,29.08776,-89.80546,18.8,152.3,511.0,LYLA ANGELLE,IMO8973318,WDG8896,60,0,41,8,2.7,60,A
367490630,2022-03-31T11:12:30,29.18678,-89.86434,8.0,131.3,511.0,MASTER KINGSTON,,WDF6099,30,,29,10,,,B
367490630,2022-03-31T11:28:01,29.17050,-89.85606,3.6,212.9,511.0,MASTER KINGSTON,,WDF6099,30,,29,10,,,B
367490630,2022-03-31T11:29:59,29.16885,-89.85697,3.1,201.9,511.0,MASTER KINGSTON,,WDF6099,30,,29,10,,,B
367490630,2022-03-31T11:31:30,29.16758,-89.85770,3.5,212.1,511.0,MASTER KINGSTON,,WDF6099,30,,29,10,,,B
367490630,2022-03-31T11:33:01,29.16632,-89.85844,3.1,205.8,511.0,MASTER KINGSTON,,WDF6099,30,,29,10,,,B
367490630,2022-03-31T11:45:59,29.15979,-89.86863,2.7,233.9,511.0,MASTER KINGSTON,,WDF6099,30,,29,10,,,B
367490630,2022-03-31T12:10:01,29.14600,-89.88741,3.0,227.8,511.0,MASTER KINGSTON,,WDF6099,30,,29,10,,,B
367490630,2022-03-31T12:16:00,29.14423,-89.89281,2.9,236.1,511.0,MASTER KINGSTON,,WDF6099,30,,29,10,,,B
367490630,2022-03-31T12:40:30,29.14394,-89.91539,3.0,280.9,511.0,MASTER KINGSTON,,WDF6099,30,,29,10,,,B
367015060,2022-03-31T13:06:33,29.19093,-89.92417,13.1,241.8,243.0,HOKU-KE'A,IMO9032800,WCU5445,31,11,35,10,5.1,52,A
367015060,2022-03-31T13:07:43,29.18897,-89.92845,13.1,243.4,246.0,HOKU-KE'A,IMO9032800,WCU5445,31,11,35,10,5.1,52,A
367015060,2022-03-31T13:08:54,29.18702,-89.93284,13.1,244.2,245.0,HOKU-KE'A,IMO9032800,WCU5445,31,11,35,10,5.1,52,A
367015060,2022-03-31T13:10:03,29.18509,-89.93712,13.2,243.9,245.0,HOKU-KE'A,IMO9032800,WCU5445,31,11,35,10,5.1,52,A
367015060,2022-03-31T13:11:06,29.18333,-89.94105,13.2,244.1,244.0,HOKU-KE'A,IMO9032800,WCU5445,31,11,35,10,5.1,52,A
367015060,2022-03-31T13:12:12,29.18143,-89.94519,13.2,242.1,244.0,HOKU-KE'A,IMO9032800,WCU5445,31,11,35,10,5.1,52,A
367015060,2022-03-31T13:13:16,29.17972,-89.94911,13.1,243.5,247.0,HOKU-KE'A,IMO9032800,WCU5445,31,11,35,10,5.1,52,A
367015060,2022-03-31T13:14:21,29.17789,-89.95315,13.1,243.7,243.0,HOKU-KE'A,IMO9032800,WCU5445,31,11,35,10,5.1,52,A
367015060,2022-03-31T13:15:22,29.17619,-89.95699,13.1,243.1,244.0,HOKU-KE'A,IMO9032800,WCU5445,31,11,35,10,5.1,52,A
367015060,2022-03-31T13:16:26,29.17443,-89.96086,12.9,239.0,234.0,HOKU-KE'A,IMO9032800,WCU5445,31,11,35,10,5.1,52,A
367015060,2022-03-31T13:17:38,29.17232,-89.96524,13.1,243.8,244.0,HOKU-KE'A,IMO9032800,WCU5445,31,11,35,10,5.1,52,A
367015060,2022-03-31T13:18:50,29.17041,-89.96966,13.1,244.9,246.0,HOKU-KE'A,IMO9032800,WCU5445,31,11,35,10,5.1,52,A
367490630,2022-03-31T13:27:00,29.14532,-89.96078,3.0,301.1,511.0,MASTER KINGSTON,,WDF6099,30,,29,10,,,B
367490630,2022-03-31T13:28:59,29.14638,-89.96227,3.6,318.5,511.0,MASTER KINGSTON,,WDF6099,30,,29,10,,,B
367490630,2022-03-31T13:46:00,29.14349,-89.96651,2.3,84.2,511.0,MASTER KINGSTON,,WDF6099,30,,29,10,,,B
367490630,2022-03-31T13:49:29,29.14406,-89.96373,2.6,80.1,511.0,MASTER KINGSTON,,WDF6099,30,,29,10,,,B
367490630,2022-03-31T13:52:31,29.14426,-89.96128,2.6,90.0,511.0,MASTER KINGSTON,,WDF6099,30,,29,10,,,B
367490630,2022-03-31T14:08:30,29.14584,-89.94845,3.0,82.8,511.0,MASTER KINGSTON,,WDF6099,30,,29,10,,,B
367490630,2022-03-31T14:38:29,29.14233,-89.92293,3.0,95.6,511.0,MASTER KINGSTON,,WDF6099,30,,29,10,,,B
367490630,2022-03-31T14:40:30,29.14213,-89.92112,2.6,90.0,511.0,MASTER KINGSTON,,WDF6099,30,,29,10,,,B
367490630,2022-03-31T14:48:59,29.14130,-89.91364,2.7,67.3,511.0,MASTER KINGSTON,,WDF6099,30,,29,10,,,B
367490630,2022-03-31T14:52:30,29.14145,-89.91063,2.4,74.1,511.0,MASTER KINGSTON,,WDF6099,30,,29,10,,,B
367490630,2022-03-31T15:04:29,29.14216,-89.90033,2.6,68.9,511.0,MASTER KINGSTON,,WDF6099,30,,29,10,,,B
367490630,2022-03-31T15:07:32,29.14222,-89.89780,2.7,87.0,511.0,MASTER KINGSTON,,WDF6099,30,,29,10,,,B
367490630,2022-03-31T15:09:29,29.14267,-89.89621,2.7,64.5,511.0,MASTER KINGSTON,,WDF6099,30,,29,10,,,B
367490630,2022-03-31T15:20:30,29.14380,-89.88691,2.8,83.5,511.0,MASTER KINGSTON,,WDF6099,30,,29,10,,,B
367490630,2022-03-31T15:22:30,29.14387,-89.88516,2.7,84.3,511.0,MASTER KINGSTON,,WDF6099,30,,29,10,,,B
367490630,2022-03-31T15:29:01,29.14472,-89.87961,2.4,77.6,511.0,MASTER KINGSTON,,WDF6099,30,,29,10,,,B
367490630,2022-03-31T15:38:00,29.14574,-89.87207,3.1,77.1,511.0,MASTER KINGSTON,,WDF6099,30,,29,10,,,B
367490630,2022-03-31T15:39:59,29.14619,-89.87047,3.0,60.1,511.0,MASTER KINGSTON,,WDF6099,30,,29,10,,,B
367490630,2022-03-31T15:41:03,29.14629,-89.86958,2.9,91.8,511.0,MASTER KINGSTON,,WDF6099,30,,29,10,,,B
367490630,2022-03-31T15:45:00,29.14704,-89.86636,2.7,68.8,511.0,MASTER KINGSTON,,WDF6099,30,,29,10,,,B
367490630,2022-03-31T15:48:00,29.14750,-89.86386,2.4,71.3,511.0,MASTER KINGSTON,,WDF6099,30,,29,10,,,B
367490630,2022-03-31T15:52:30,29.14844,-89.86019,2.5,69.9,511.0,MASTER KINGSTON,,WDF6099,30,,29,10,,,B
367490630,2022-03-31T15:53:32,29.14875,-89.85936,2.5,69.6,511.0,MASTER KINGSTON,,WDF6099,30,,29,10,,,B
367490630,2022-03-31T15:57:00,29.14876,-89.85832,1.4,125.5,511.0,MASTER KINGSTON,,WDF6099,30,,29,10,,,B
367490630,2022-03-31T16:17:29,29.13048,-89.85964,6.5,102.7,511.0,MASTER KINGSTON,,WDF6099,30,,29,10,,,B
367490630,2022-03-31T16:26:59,29.11941,-89.84132,7.4,119.5,511.0,MASTER KINGSTON,,WDF6099,30,,29,10,,,B
367490630,2022-03-31T16:30:31,29.11561,-89.83420,7.5,116.9,511.0,MASTER KINGSTON,,WDF6099,30,,29,10,,,B
367490630,2022-03-31T16:33:29,29.11264,-89.82802,7.5,114.1,511.0,MASTER KINGSTON,,WDF6099,30,,29,10,,,B
367490630,2022-03-31T16:38:00,29.10883,-89.81804,7.3,115.5,511.0,MASTER KINGSTON,,WDF6099,30,,29,10,,,B
367490630,2022-03-31T16:39:03,29.10802,-89.81567,7.7,105.4,511.0,MASTER KINGSTON,,WDF6099,30,,29,10,,,B
367490630,2022-03-31T16:40:31,29.10692,-89.81232,7.8,115.9,511.0,MASTER KINGSTON,,WDF6099,30,,29,10,,,B
367490630,2022-03-31T16:42:59,29.10626,-89.81103,1.2,331.5,511.0,MASTER KINGSTON,,WDF6099,30,,29,10,,,B
367490630,2022-03-31T16:45:31,29.10603,-89.81127,0.3,192.1,511.0,MASTER KINGSTON,,WDF6099,30,,29,10,,,B
367490630,2022-03-31T16:51:25,29.10585,-89.81125,1.1,128.2,511.0,MASTER KINGSTON,,WDF6099,30,,29,10,,,B
367490630,2022-03-31T16:52:56,29.10585,-89.81122,0.4,97.9,511.0,MASTER KINGSTON,,WDF6099,30,,29,10,,,B
367490630,2022-03-31T16:56:25,29.10582,-89.81118,0.4,153.9,511.0,MASTER KINGSTON,,WDF6099,30,,29,10,,,B
367490630,2022-03-31T16:57:50,29.10582,-89.81118,0.7,303.5,511.0,MASTER KINGSTON,,WDF6099,30,,29,10,,,B
367490630,2022-03-31T17:06:23,29.10575,-89.81109,0.9,95.7,511.0,MASTER KINGSTON,,WDF6099,30,,29,10,,,B
367490630,2022-03-31T17:12:21,29.10574,-89.81106,0.2,110.0,511.0,MASTER KINGSTON,,WDF6099,30,,29,10,,,B
367490630,2022-03-31T17:18:21,29.10572,-89.81097,0.6,181.1,511.0,MASTER KINGSTON,,WDF6099,30,,29,10,,,B
367490630,2022-03-31T17:24:23,29.10572,-89.81100,1.0,305.5,511.0,MASTER KINGSTON,,WDF6099,30,,29,10,,,B
367490630,2022-03-31T17:27:20,29.10571,-89.81098,0.5,51.7,511.0,MASTER KINGSTON,,WDF6099,30,,29,10,,,B
367490630,2022-03-31T17:54:21,29.10568,-89.81083,0.4,340.3,511.0,MASTER KINGSTON,,WDF6099,30,,29,10,,,B
367490630,2022-03-31T18:17:46,29.10573,-89.81103,0.3,329.5,511.0,MASTER KINGSTON,,WDF6099,30,,29,10,,,B
367490630,2022-03-31T18:23:45,29.10576,-89.81114,0.5,266.5,511.0,MASTER KINGSTON,,WDF6099,30,,29,10,,,B
367490630,2022-03-31T18:29:46,29.10578,-89.81116,0.2,334.5,511.0,MASTER KINGSTON,,WDF6099,30,,29,10,,,B
367490630,2022-03-31T18:35:45,29.10578,-89.81114,0.4,192.4,511.0,MASTER KINGSTON,,WDF6099,30,,29,10,,,B
367490630,2022-03-31T18:37:41,29.10577,-89.81113,0.7,19.4,511.0,MASTER KINGSTON,,WDF6099,30,,29,10,,,B
367490630,2022-03-31T18:39:40,29.10577,-89.81115,0.4,137.5,511.0,MASTER KINGSTON,,WDF6099,30,,29,10,,,B
367490630,2022-03-31T18:49:13,29.10582,-89.81122,0.9,144.4,511.0,MASTER KINGSTON,,WDF6099,30,,29,10,,,B
367490630,2022-03-31T18:53:05,29.10580,-89.81119,0.4,191.2,511.0,MASTER KINGSTON,,WDF6099,30,,29,10,,,B
367490630,2022-03-31T18:54:06,29.10580,-89.81120,0.3,305.6,511.0,MASTER KINGSTON,,WDF6099,30,,29,10,,,B
367490630,2022-03-31T18:59:06,29.10583,-89.81123,0.8,341.1,511.0,MASTER KINGSTON,,WDF6099,30,,29,10,,,B
367490630,2022-03-31T19:01:34,29.10583,-89.81123,0.2,275.4,511.0,MASTER KINGSTON,,WDF6099,30,,29,10,,,B
367490630,2022-03-31T19:03:02,29.10584,-89.81124,0.2,87.4,511.0,MASTER KINGSTON,,WDF6099,30,,29,10,,,B
367490630,2022-03-31T19:04:04,29.10584,-89.81124,0.4,36.7,511.0,MASTER KINGSTON,,WDF6099,30,,29,10,,,B
367490630,2022-03-31T19:12:58,29.10586,-89.81128,0.3,130.8,511.0,MASTER KINGSTON,,WDF6099,30,,29,10,,,B
367490630,2022-03-31T19:15:58,29.10587,-89.81128,0.2,21.0,511.0,MASTER KINGSTON,,WDF6099,30,,29,10,,,B
367490630,2022-03-31T19:18:59,29.10589,-89.81130,0.4,327.1,511.0,MASTER KINGSTON,,WDF6099,30,,29,10,,,B
367490630,2022-03-31T19:24:58,29.10591,-89.81131,0.3,329.6,511.0,MASTER KINGSTON,,WDF6099,30,,29,10,,,B
367490630,2022-03-31T19:27:59,29.10590,-89.81132,0.8,306.1,511.0,MASTER KINGSTON,,WDF6099,30,,29,10,,,B
367490630,2022-03-31T19:31:00,29.10592,-89.81133,0.5,318.7,511.0,MASTER KINGSTON,,WDF6099,30,,29,10,,,B
367490630,2022-03-31T19:36:26,29.10591,-89.81131,0.9,106.6,511.0,MASTER KINGSTON,,WDF6099,30,,29,10,,,B
367490630,2022-03-31T19:37:56,29.10591,-89.81133,0.8,168.9,511.0,MASTER KINGSTON,,WDF6099,30,,29,10,,,B
367490630,2022-03-31T19:42:22,29.10591,-89.81133,0.1,232.5,511.0,MASTER KINGSTON,,WDF6099,30,,29,10,,,B
367490630,2022-03-31T19:47:21,29.10589,-89.81131,0.8,127.0,511.0,MASTER KINGSTON,,WDF6099,30,,29,10,,,B
367490630,2022-03-31T19:50:17,29.10588,-89.81130,0.7,301.4,511.0,MASTER KINGSTON,,WDF6099,30,,29,10,,,B
367490630,2022-03-31T19:51:47,29.10589,-89.81129,0.3,87.8,511.0,MASTER KINGSTON,,WDF6099,30,,29,10,,,B
367490630,2022-03-31T19:53:17,29.10589,-89.81131,0.6,270.1,511.0,MASTER KINGSTON,,WDF6099,30,,29,10,,,B
367490630,2022-03-31T19:54:43,29.10591,-89.81132,2.4,317.0,511.0,MASTER KINGSTON,,WDF6099,30,,29,10,,,B
367490630,2022-03-31T19:56:12,29.10593,-89.81134,0.6,320.8,511.0,MASTER KINGSTON,,WDF6099,30,,29,10,,,B
367490630,2022-03-31T19:57:16,29.10592,-89.81132,0.9,317.3,511.0,MASTER KINGSTON,,WDF6099,30,,29,10,,,B
367490630,2022-03-31T20:02:16,29.10590,-89.81131,0.7,319.5,511.0,MASTER KINGSTON,,WDF6099,30,,29,10,,,B
367490630,2022-03-31T20:14:12,29.10588,-89.81129,0.1,104.9,511.0,MASTER KINGSTON,,WDF6099,30,,29,10,,,B
367490630,2022-03-31T20:16:38,29.10589,-89.81130,0.2,129.8,511.0,MASTER KINGSTON,,WDF6099,30,,29,10,,,B
367490630,2022-03-31T20:22:09,29.10589,-89.81130,0.5,196.7,511.0,MASTER KINGSTON,,WDF6099,30,,29,10,,,B
367490630,2022-03-31T20:28:12,29.10588,-89.81129,1.2,131.5,511.0,MASTER KINGSTON,,WDF6099,30,,29,10,,,B
367490630,2022-03-31T20:33:09,29.10595,-89.81136,1.2,145.2,511.0,MASTER KINGSTON,,WDF6099,30,,29,10,,,B
367490630,2022-03-31T20:35:33,29.10595,-89.81135,0.3,221.4,511.0,MASTER KINGSTON,,WDF6099,30,,29,10,,,B
367490630,2022-03-31T20:43:00,29.10591,-89.81131,1.0,177.1,511.0,MASTER KINGSTON,,WDF6099,30,,29,10,,,B
367490630,2022-03-31T20:45:05,29.10594,-89.81136,0.3,303.0,511.0,MASTER KINGSTON,,WDF6099,30,,29,10,,,B
367490630,2022-03-31T20:53:27,29.10596,-89.81136,0.4,305.8,511.0,MASTER KINGSTON,,WDF6099,30,,29,10,,,B
367490630,2022-03-31T20:55:58,29.10595,-89.81135,0.3,321.0,511.0,MASTER KINGSTON,,WDF6099,30,,29,10,,,B
367490630,2022-03-31T20:59:26,29.10592,-89.81133,0.4,277.3,511.0,MASTER KINGSTON,,WDF6099,30,,29,10,,,B
367490630,2022-03-31T21:00:26,29.10592,-89.81133,1.0,313.8,511.0,MASTER KINGSTON,,WDF6099,30,,29,10,,,B
367490630,2022-03-31T21:05:26,29.10597,-89.81136,0.4,145.8,511.0,MASTER KINGSTON,,WDF6099,30,,29,10,,,B
367490630,2022-03-31T21:08:26,29.10602,-89.81141,0.3,202.1,511.0,MASTER KINGSTON,,WDF6099,30,,29,10,,,B
367490630,2022-03-31T21:17:26,29.10595,-89.81134,1.0,275.2,511.0,MASTER KINGSTON,,WDF6099,30,,29,10,,,B
367490630,2022-03-31T21:18:53,29.10600,-89.81138,0.6,179.4,511.0,MASTER KINGSTON,,WDF6099,30,,29,10,,,B
367490630,2022-03-31T21:30:25,29.10598,-89.81138,1.1,319.6,511.0,MASTER KINGSTON,,WDF6099,30,,29,10,,,B
367490630,2022-03-31T21:36:47,29.10596,-89.81136,1.0,160.9,511.0,MASTER KINGSTON,,WDF6099,30,,29,10,,,B
367490630,2022-03-31T21:38:17,29.10593,-89.81133,0.2,26.0,511.0,MASTER KINGSTON,,WDF6099,30,,29,10,,,B
367490630,2022-03-31T22:23:16,29.10599,-89.81138,0.5,125.7,511.0,MASTER KINGSTON,,WDF6099,30,,29,10,,,B
367490630,2022-03-31T22:24:42,29.10600,-89.81138,1.8,132.4,511.0,MASTER KINGSTON,,WDF6099,30,,29,10,,,B
367490630,2022-03-31T22:27:43,29.10595,-89.81135,0.9,324.4,511.0,MASTER KINGSTON,,WDF6099,30,,29,10,,,B
367490630,2022-03-31T22:30:40,29.10593,-89.81134,0.3,148.9,511.0,MASTER KINGSTON,,WDF6099,30,,29,10,,,B
367490630,2022-03-31T22:32:39,29.10592,-89.81132,0.8,110.8,511.0,MASTER KINGSTON,,WDF6099,30,,29,10,,,B
367490630,2022-03-31T22:36:11,29.10595,-89.81135,0.2,299.6,511.0,MASTER KINGSTON,,WDF6099,30,,29,10,,,B
367490630,2022-03-31T22:44:36,29.10602,-89.81140,0.7,79.2,511.0,MASTER KINGSTON,,WDF6099,30,,29,10,,,B
367490630,2022-03-31T22:45:39,29.10602,-89.81139,0.6,144.0,511.0,MASTER KINGSTON,,WDF6099,30,,29,10,,,B
367490630,2022-03-31T22:49:36,29.10605,-89.81142,0.3,15.8,511.0,MASTER KINGSTON,,WDF6099,30,,29,10,,,B
367490630,2022-03-31T22:51:09,29.10609,-89.81143,0.1,290.3,511.0,MASTER KINGSTON,,WDF6099,30,,29,10,,,B
367490630,2022-03-31T22:54:35,29.10606,-89.81142,0.5,312.7,511.0,MASTER KINGSTON,,WDF6099,30,,29,10,,,B
367490630,2022-03-31T22:57:34,29.10603,-89.81140,0.4,131.4,511.0,MASTER KINGSTON,,WDF6099,30,,29,10,,,B
367490630,2022-03-31T23:00:35,29.10606,-89.81141,1.3,13.7,511.0,MASTER KINGSTON,,WDF6099,30,,29,10,,,B
367490630,2022-03-31T23:21:35,29.10599,-89.81135,0.5,237.4,511.0,MASTER KINGSTON,,WDF6099,30,,29,10,,,B
367490630,2022-03-31T23:30:34,29.10605,-89.81141,1.0,159.9,511.0,MASTER KINGSTON,,WDF6099,30,,29,10,,,B
367490630,2022-03-31T23:35:00,29.10677,-89.80941,4.8,92.9,511.0,MASTER KINGSTON,,WDF6099,30,,29,10,,,B
367490630,2022-03-31T23:37:30,29.10720,-89.80740,1.9,97.4,511.0,MASTER KINGSTON,,WDF6099,30,,29,10,,,B
367490630,2022-03-31T23:39:00,29.10709,-89.80644,2.4,98.6,511.0,MASTER KINGSTON,,WDF6099,30,,29,10,,,B
367490630,2022-03-31T23:40:30,29.10687,-89.80438,5.6,99.8,511.0,MASTER KINGSTON,,WDF6099,30,,29,10,,,B
367490630,2022-03-31T23:41:31,29.10671,-89.80282,3.6,98.9,511.0,MASTER KINGSTON,,WDF6099,30,,29,10,,,B
367463990,2022-04-01T03:50:13,29.18991,-89.93697,7.1,209.8,511.0,MS MELISSA,IMO8964848,WDF5504,90,0,48,10,3.1,0,A
367463990,2022-04-01T03:53:32,29.18453,-89.94052,6.8,221.4,511.0,MS MELISSA,IMO8964848,WDF5504,90,0,48,10,3.1,0,A
367463990,2022-04-01T03:54:43,29.18261,-89.94173,6.6,217.8,511.0,MS MELISSA,IMO8964848,WDF5504,90,0,48,10,3.1,0,A
367463990,2022-04-01T03:56:43,29.17937,-89.94393,7.3,205.2,511.0,MS MELISSA,IMO8964848,WDF5504,90,0,48,10,3.1,0,A
367463990,2022-04-01T04:16:53,29.14577,-89.96534,6.8,217.5,511.0,MS MELISSA,IMO8964848,WDF5504,90,0,48,10,3.1,0,A
366982350,2022-04-01T04:58:19,29.14325,-89.80571,19.1,323.0,511.0,MS CHRISTINE,IMO9117026,WDI6837,60,0,46,9,,0,A
366982350,2022-04-01T04:59:24,29.14762,-89.80957,18.1,314.6,511.0,MS CHRISTINE,IMO9117026,WDI6837,60,0,46,9,,0,A
366982350,2022-04-01T05:00:01,29.14972,-89.81200,18.6,315.9,511.0,MS CHRISTINE,IMO9117026,WDI6837,60,0,46,9,,0,A
366982350,2022-04-01T05:01:07,29.15359,-89.81637,17.9,318.9,511.0,MS CHRISTINE,IMO9117026,WDI6837,60,0,46,9,,0,A
366982350,2022-04-01T05:02:13,29.15785,-89.82032,18.4,318.8,511.0,MS CHRISTINE,IMO9117026,WDI6837,60,0,46,9,,0,A
366982350,2022-04-01T05:03:19,29.16218,-89.82445,17.7,325.0,511.0,MS CHRISTINE,IMO9117026,WDI6837,60,0,46,9,,0,A
366982350,2022-04-01T05:04:24,29.16639,-89.82819,16.8,325.2,511.0,MS CHRISTINE,IMO9117026,WDI6837,60,0,46,9,,0,A
366982350,2022-04-01T05:05:31,29.17101,-89.83131,17.1,324.9,511.0,MS CHRISTINE,IMO9117026,WDI6837,60,0,46,9,,0,A
366982350,2022-04-01T05:06:36,29.17501,-89.83539,18.9,319.4,511.0,MS CHRISTINE,IMO9117026,WDI6837,60,0,46,9,,0,A
366982350,2022-04-01T05:07:42,29.17920,-89.83945,17.0,325.8,511.0,MS CHRISTINE,IMO9117026,WDI6837,60,0,46,9,,0,A
366982350,2022-04-01T05:08:48,29.18325,-89.84349,18.2,314.4,511.0,MS CHRISTINE,IMO9117026,WDI6837,60,0,46,9,,0,A
366982350,2022-04-01T05:09:49,29.18690,-89.84712,16.6,320.7,511.0,MS CHRISTINE,IMO9117026,WDI6837,60,0,46,9,,0,A
366982350,2022-04-01T05:10:55,29.19112,-89.85096,19.3,316.3,511.0,MS CHRISTINE,IMO9117026,WDI6837,60,0,46,9,,0,A
367490630,2022-04-01T05:33:02,29.10526,-89.80213,3.2,19.7,511.0,MASTER KINGSTON,,WDF6099,30,,29,10,,,B
366989120,2022-04-01T07:47:47,29.17786,-89.96937,16.0,40.3,511.0,MARY GRACE,IMO9320350,WDH7968,60,0,54,9,,60,A
366989120,2022-04-01T07:48:53,29.18186,-89.96545,17.5,39.7,511.0,MARY GRACE,IMO9320350,WDH7968,60,0,54,9,,60,A
366989120,2022-04-01T07:49:59,29.18582,-89.96156,16.7,39.5,511.0,MARY GRACE,IMO9320350,WDH7968,60,0,54,9,,60,A
366989120,2022-04-01T07:51:17,29.19059,-89.95705,17.1,38.3,511.0,MARY GRACE,IMO9320350,WDH7968,60,0,54,9,,60,A
367611250,2022-04-01T10:19:38,29.18989,-89.90782,9.8,179.3,511.0,REBEL,IMO8987864,WDH3819,90,0,50,10,3.1,70,A
367611250,2022-04-01T10:20:59,29.18632,-89.90768,9.8,175.8,511.0,REBEL,IMO8987864,WDH3819,90,0,50,10,3.1,70,A
367611250,2022-04-01T10:22:09,29.18320,-89.90757,10.2,180.0,511.0,REBEL,IMO8987864,WDH3819,90,0,50,10,3.1,70,A
367611250,2022-04-01T10:23:19,29.18014,-89.90756,9.1,176.7,511.0,REBEL,IMO8987864,WDH3819,90,0,50,10,3.1,70,A
367611250,2022-04-01T10:24:28,29.17712,-89.90746,9.1,181.6,511.0,REBEL,IMO8987864,WDH3819,90,0,50,10,3.1,70,A
367611250,2022-04-01T10:25:29,29.17445,-89.90742,10.0,178.6,511.0,REBEL,IMO8987864,WDH3819,90,0,50,10,3.1,70,A
367611250,2022-04-01T10:26:40,29.17119,-89.90733,10.2,179.5,511.0,REBEL,IMO8987864,WDH3819,90,0,50,10,3.1,70,A
367611250,2022-04-01T10:27:49,29.16805,-89.90706,9.3,174.1,511.0,REBEL,IMO8987864,WDH3819,90,0,50,10,3.1,70,A
367611250,2022-04-01T10:28:59,29.16492,-89.90660,9.7,173.5,511.0,REBEL,IMO8987864,WDH3819,90,0,50,10,3.1,70,A
367611250,2022-04-01T10:30:10,29.16159,-89.90614,10.9,172.7,511.0,REBEL,IMO8987864,WDH3819,90,0,50,10,3.1,70,A
367611250,2022-04-01T10:31:20,29.15812,-89.90566,10.6,174.2,511.0,REBEL,IMO8987864,WDH3819,90,0,50,10,3.1,70,A
367611250,2022-04-01T10:32:30,29.15472,-89.90512,10.5,168.3,511.0,REBEL,IMO8987864,WDH3819,90,0,50,10,3.1,70,A
367611250,2022-04-01T10:34:10,29.14995,-89.90419,10.1,168.3,511.0,REBEL,IMO8987864,WDH3819,90,0,50,10,3.1,70,A
367611250,2022-04-01T10:35:19,29.14659,-89.90350,10.7,169.5,511.0,REBEL,IMO8987864,WDH3819,90,0,50,10,3.1,70,A
367611250,2022-04-01T10:36:30,29.14320,-89.90269,10.4,167.0,511.0,REBEL,IMO8987864,WDH3819,90,0,50,10,3.1,70,A
367611250,2022-04-01T10:37:40,29.13995,-89.90192,10.9,171.7,511.0,REBEL,IMO8987864,WDH3819,90,0,50,10,3.1,70,A
367611250,2022-04-01T10:38:59,29.13624,-89.90103,9.7,165.6,511.0,REBEL,IMO8987864,WDH3819,90,0,50,10,3.1,70,A
367611250,2022-04-01T10:40:10,29.13287,-89.90025,10.9,168.1,511.0,REBEL,IMO8987864,WDH3819,90,0,50,10,3.1,70,A
367611250,2022-04-01T10:41:19,29.12964,-89.89930,10.2,166.3,511.0,REBEL,IMO8987864,WDH3819,90,0,50,10,3.1,70,A
367611250,2022-04-01T10:42:28,29.12634,-89.89834,10.2,164.9,511.0,REBEL,IMO8987864,WDH3819,90,0,50,10,3.1,70,A
367611250,2022-04-01T10:43:40,29.12300,-89.89738,10.4,162.5,511.0,REBEL,IMO8987864,WDH3819,90,0,50,10,3.1,70,A
367611250,2022-04-01T10:44:58,29.11925,-89.89633,10.2,163.4,511.0,REBEL,IMO8987864,WDH3819,90,0,50,10,3.1,70,A
367611250,2022-04-01T10:46:19,29.11544,-89.89526,10.9,164.9,511.0,REBEL,IMO8987864,WDH3819,90,0,50,10,3.1,70,A
367611250,2022-04-01T10:47:29,29.11218,-89.89430,11.0,165.4,511.0,REBEL,IMO8987864,WDH3819,90,0,50,10,3.1,70,A
367611250,2022-04-01T10:48:39,29.10887,-89.89338,10.8,166.9,511.0,REBEL,IMO8987864,WDH3819,90,0,50,10,3.1,70,A
367611250,2022-04-01T10:49:50,29.10557,-89.89243,11.2,167.3,511.0,REBEL,IMO8987864,WDH3819,90,0,50,10,3.1,70,A
367611250,2022-04-01T10:50:59,29.10229,-89.89158,10.7,166.3,511.0,REBEL,IMO8987864,WDH3819,90,0,50,10,3.1,70,A
367611250,2022-04-01T10:52:10,29.09891,-89.89061,10.2,167.3,511.0,REBEL,IMO8987864,WDH3819,90,0,50,10,3.1,70,A
367611250,2022-04-01T10:53:19,29.09571,-89.88966,10.7,166.3,511.0,REBEL,IMO8987864,WDH3819,90,0,50,10,3.1,70,A
367611250,2022-04-01T10:54:40,29.09184,-89.88867,10.5,167.3,511.0,REBEL,IMO8987864,WDH3819,90,0,50,10,3.1,70,A
366914750,2022-04-01T10:55:37,29.18744,-89.89340,16.4,169.2,511.0,CANDY COTTON,IMO9026497,WDB5896,60,15,44,8,1.9,60,A
367611250,2022-04-01T10:55:49,29.08857,-89.88779,10.2,165.2,511.0,REBEL,IMO8987864,WDH3819,90,0,50,10,3.1,70,A
366914750,2022-04-01T10:56:43,29.18254,-89.89227,16.6,168.4,511.0,CANDY COTTON,IMO9026497,WDB5896,60,15,44,8,1.9,60,A
367611250,2022-04-01T10:57:00,29.08518,-89.88688,10.8,167.2,511.0,REBEL,IMO8987864,WDH3819,90,0,50,10,3.1,70,A
366914750,2022-04-01T10:57:55,29.17707,-89.89125,16.7,171.9,511.0,CANDY COTTON,IMO9026497,WDB5896,60,15,44,8,1.9,60,A
367611250,2022-04-01T10:58:10,29.08184,-89.88601,11.0,165.7,511.0,REBEL,IMO8987864,WDH3819,90,0,50,10,3.1,70,A
366914750,2022-04-01T10:59:01,29.17199,-89.89027,16.6,170.0,511.0,CANDY COTTON,IMO9026497,WDB5896,60,15,44,8,1.9,60,A
366989120,2022-04-01T10:59:19,29.18977,-89.92759,17.4,207.9,511.0,MARY GRACE,IMO9320350,WDH7968,60,0,54,9,,60,A
367611250,2022-04-01T10:59:30,29.07804,-89.88501,10.3,163.3,511.0,REBEL,IMO8987864,WDH3819,90,0,50,10,3.1,70,A
366914750,2022-04-01T11:00:00,29.16755,-89.88921,16.6,165.7,511.0,CANDY COTTON,IMO9026497,WDB5896,60,15,44,8,1.9,60,A
367611250,2022-04-01T11:00:00,29.07661,-89.88464,10.9,166.8,511.0,REBEL,IMO8987864,WDH3819,90,0,50,10,3.1,70,A
366989120,2022-04-01T11:00:13,29.18601,-89.92991,17.4,207.7,511.0,MARY GRACE,IMO9320350,WDH7968,60,0,54,9,,60,A
366914750,2022-04-01T11:01:07,29.16255,-89.88809,16.7,168.0,511.0,CANDY COTTON,IMO9026497,WDB5896,60,15,44,8,1.9,60,A
367611250,2022-04-01T11:01:09,29.07333,-89.88379,10.4,165.7,511.0,REBEL,IMO8987864,WDH3819,90,0,50,10,3.1,70,A
366989120,2022-04-01T11:01:19,29.18132,-89.93282,17.5,209.3,511.0,MARY GRACE,IMO9320350,WDH7968,60,0,54,9,,60,A
366914750,2022-04-01T11:02:13,29.15934,-89.88742,6.7,170.0,511.0,CANDY COTTON,IMO9026497,WDB5896,60,15,44,8,1.9,60,A
367611250,2022-04-01T11:02:19,29.06995,-89.88290,10.8,166.7,511.0,REBEL,IMO8987864,WDH3819,90,0,50,10,3.1,70,A
366989120,2022-04-01T11:02:25,29.17651,-89.93580,17.8,208.4,511.0,MARY GRACE,IMO9320350,WDH7968,60,0,54,9,,60,A
366914750,2022-04-01T11:03:19,29.15746,-89.88709,6.5,171.0,511.0,CANDY COTTON,IMO9026497,WDB5896,60,15,44,8,1.9,60,A
367611250,2022-04-01T11:03:38,29.06619,-89.88200,10.8,168.6,511.0,REBEL,IMO8987864,WDH3819,90,0,50,10,3.1,70,A
366989120,2022-04-01T11:03:42,29.17095,-89.93923,17.7,210.2,511.0,MARY GRACE,IMO9320350,WDH7968,60,0,54,9,,60,A
366914750,2022-04-01T11:04:24,29.15558,-89.88671,6.1,169.6,511.0,CANDY COTTON,IMO9026497,WDB5896,60,15,44,8,1.9,60,A
367611250,2022-04-01T11:04:39,29.06335,-89.88125,10.4,165.4,511.0,REBEL,IMO8987864,WDH3819,90,0,50,10,3.1,70,A
366989120,2022-04-01T11:04:55,29.16572,-89.94252,18.2,207.5,511.0,MARY GRACE,IMO9320350,WDH7968,60,0,54,9,,60,A
366914750,2022-04-01T11:05:30,29.15373,-89.88641,6.2,170.9,511.0,CANDY COTTON,IMO9026497,WDB5896,60,15,44,8,1.9,60,A
367611250,2022-04-01T11:05:48,29.05997,-89.88043,10.2,168.1,511.0,REBEL,IMO8987864,WDH3819,90,0,50,10,3.1,70,A
366989120,2022-04-01T11:06:07,29.16046,-89.94583,18.1,209.7,511.0,MARY GRACE,IMO9320350,WDH7968,60,0,54,9,,60,A
366914750,2022-04-01T11:06:32,29.15202,-89.88603,6.0,169.6,511.0,CANDY COTTON,IMO9026497,WDB5896,60,15,44,8,1.9,60,A
367611250,2022-04-01T11:07:00,29.05659,-89.87959,10.6,167.6,511.0,REBEL,IMO8987864,WDH3819,90,0,50,10,3.1,70,A
366989120,2022-04-01T11:07:31,29.15426,-89.94969,18.3,208.6,511.0,MARY GRACE,IMO9320350,WDH7968,60,0,54,9,,60,A
366914750,2022-04-01T11:07:41,29.15007,-89.88561,6.3,172.7,511.0,CANDY COTTON,IMO9026497,WDB5896,60,15,44,8,1.9,60,A
367611250,2022-04-01T11:08:19,29.05279,-89.87866,11.0,166.9,511.0,REBEL,IMO8987864,WDH3819,90,0,50,10,3.1,70,A
367490630,2022-04-01T11:08:21,29.10384,-89.80316,3.2,9.0,511.0,MASTER KINGSTON,,WDF6099,30,,29,10,,,B
366989120,2022-04-01T11:08:37,29.14937,-89.95272,18.3,206.9,511.0,MARY GRACE,IMO9320350,WDH7968,60,0,54,9,,60,A
366914750,2022-04-01T11:08:50,29.14807,-89.88524,6.1,168.0,511.0,CANDY COTTON,IMO9026497,WDB5896,60,15,44,8,1.9,60,A
367611250,2022-04-01T11:09:20,29.04986,-89.87795,10.5,165.7,511.0,REBEL,IMO8987864,WDH3819,90,0,50,10,3.1,70,A
367490630,2022-04-01T11:09:23,29.10465,-89.80282,3.1,32.0,511.0,MASTER KINGSTON,,WDF6099,30,,29,10,,,B
366989120,2022-04-01T11:09:39,29.14484,-89.95571,17.8,212.5,511.0,MARY GRACE,IMO9320350,WDH7968,60,0,54,9,,60,A
366914750,2022-04-01T11:10:01,29.14611,-89.88479,6.2,167.2,511.0,CANDY COTTON,IMO9026497,WDB5896,60,15,44,8,1.9,60,A
367611250,2022-04-01T11:10:29,29.04666,-89.87682,10.4,163.1,511.0,REBEL,IMO8987864,WDH3819,90,0,50,10,3.1,70,A
366989120,2022-04-01T11:10:45,29.14016,-89.95921,18.2,225.0,511.0,MARY GRACE,IMO9320350,WDH7968,60,0,54,9,,60,A
366914750,2022-04-01T11:11:12,29.14408,-89.88435,6.5,172.6,511.0,CANDY COTTON,IMO9026497,WDB5896,60,15,44,8,1.9,60,A
367611250,2022-04-01T11:11:39,29.04354,-89.87551,10.6,158.3,511.0,REBEL,IMO8987864,WDH3819,90,0,50,10,3.1,70,A
366989120,2022-04-01T11:11:49,29.13655,-89.96386,18.3,230.5,511.0,MARY GRACE,IMO9320350,WDH7968,60,0,54,9,,60,A
366914750,2022-04-01T11:12:20,29.14222,-89.88377,6.0,165.2,511.0,CANDY COTTON,IMO9026497,WDB5896,60,15,44,8,1.9,60,A
367611250,2022-04-01T11:12:48,29.04045,-89.87435,10.3,162.3,511.0,REBEL,IMO8987864,WDH3819,90,0,50,10,3.1,70,A
366989120,2022-04-01T11:12:53,29.13296,-89.96857,18.5,228.6,511.0,MARY GRACE,IMO9320350,WDH7968,60,0,54,9,,60,A
366914750,2022-04-01T11:13:31,29.14024,-89.88339,6.4,175.7,511.0,CANDY COTTON,IMO9026497,WDB5896,60,15,44,8,1.9,60,A
366914750,2022-04-01T11:14:41,29.13819,-89.88306,6.3,169.6,511.0,CANDY COTTON,IMO9026497,WDB5896,60,15,44,8,1.9,60,A
366914750,2022-04-01T11:15:51,29.13689,-89.88284,2.4,180.1,511.0,CANDY COTTON,IMO9026497,WDB5896,60,15,44,8,1.9,60,A
366914750,2022-04-01T11:17:00,29.13624,-89.88309,2.3,204.9,511.0,CANDY COTTON,IMO9026497,WDB5896,60,15,44,8,1.9,60,A
366914750,2022-04-01T11:18:21,29.13549,-89.88362,2.5,214.0,511.0,CANDY COTTON,IMO9026497,WDB5896,60,15,44,8,1.9,60,A
366914750,2022-04-01T11:19:42,29.13480,-89.88427,2.4,220.9,511.0,CANDY COTTON,IMO9026497,WDB5896,60,15,44,8,1.9,60,A
366914750,2022-04-01T11:20:51,29.13420,-89.88491,2.4,224.2,511.0,CANDY COTTON,IMO9026497,WDB5896,60,15,44,8,1.9,60,A
366914750,2022-04-01T11:21:52,29.13279,-89.88363,13.2,140.1,511.0,CANDY COTTON,IMO9026497,WDB5896,60,15,44,8,1.9,60,A
366914750,2022-04-01T11:22:53,29.12856,-89.88205,15.7,168.5,511.0,CANDY COTTON,IMO9026497,WDB5896,60,15,44,8,1.9,60,A
366914750,2022-04-01T11:23:59,29.12388,-89.88111,16.0,168.6,511.0,CANDY COTTON,IMO9026497,WDB5896,60,15,44,8,1.9,60,A
366914750,2022-04-01T11:25:05,29.11904,-89.88020,16.0,169.7,511.0,CANDY COTTON,IMO9026497,WDB5896,60,15,44,8,1.9,60,A
366914750,2022-04-01T11:26:11,29.11432,-89.87922,15.6,170.4,511.0,CANDY COTTON,IMO9026497,WDB5896,60,15,44,8,1.9,60,A
366914750,2022-04-01T11:27:17,29.10943,-89.87839,15.7,168.8,511.0,CANDY COTTON,IMO9026497,WDB5896,60,15,44,8,1.9,60,A
366914750,2022-04-01T11:28:23,29.10470,-89.87749,15.8,168.4,511.0,CANDY COTTON,IMO9026497,WDB5896,60,15,44,8,1.9,60,A
366914750,2022-04-01T11:29:29,29.10000,-89.87621,16.1,174.8,511.0,CANDY COTTON,IMO9026497,WDB5896,60,15,44,8,1.9,60,A
366914750,2022-04-01T11:30:35,29.09521,-89.87525,15.6,164.6,511.0,CANDY COTTON,IMO9026497,WDB5896,60,15,44,8,1.9,60,A
366914750,2022-04-01T11:31:40,29.09054,-89.87411,16.1,169.8,511.0,CANDY COTTON,IMO9026497,WDB5896,60,15,44,8,1.9,60,A
366914750,2022-04-01T11:32:47,29.08613,-89.87214,15.0,146.5,511.0,CANDY COTTON,IMO9026497,WDB5896,60,15,44,8,1.9,60,A
366914750,2022-04-01T11:33:53,29.08134,-89.87104,16.1,170.9,511.0,CANDY COTTON,IMO9026497,WDB5896,60,15,44,8,1.9,60,A
366914750,2022-04-01T11:35:10,29.07565,-89.87039,16.2,175.7,511.0,CANDY COTTON,IMO9026497,WDB5896,60,15,44,8,1.9,60,A
366914750,2022-04-01T11:36:17,29.07068,-89.86997,16.1,174.7,511.0,CANDY COTTON,IMO9026497,WDB5896,60,15,44,8,1.9,60,A
366914750,2022-04-01T11:37:23,29.06592,-89.86937,15.9,171.6,511.0,CANDY COTTON,IMO9026497,WDB5896,60,15,44,8,1.9,60,A
366914750,2022-04-01T11:38:29,29.06096,-89.86878,15.8,172.7,511.0,CANDY COTTON,IMO9026497,WDB5896,60,15,44,8,1.9,60,A
366914750,2022-04-01T11:39:35,29.05608,-89.86821,16.1,173.7,511.0,CANDY COTTON,IMO9026497,WDB5896,60,15,44,8,1.9,60,A
366914750,2022-04-01T11:40:41,29.05126,-89.86776,16.2,175.4,511.0,CANDY COTTON,IMO9026497,WDB5896,60,15,44,8,1.9,60,A
366914750,2022-04-01T11:41:47,29.04640,-89.86705,15.9,173.9,511.0,CANDY COTTON,IMO9026497,WDB5896,60,15,44,8,1.9,60,A
366914750,2022-04-01T11:42:52,29.04152,-89.86630,15.9,171.6,511.0,CANDY COTTON,IMO9026497,WDB5896,60,15,44,8,1.9,60,A
366914750,2022-04-01T22:48:36,29.04372,-89.85204,20.6,342.9,511.0,CANDY COTTON,IMO9026497,WDB5896,60,15,44,8,1.9,60,A
366914750,2022-04-01T22:49:42,29.04952,-89.85396,20.0,350.7,511.0,CANDY COTTON,IMO9026497,WDB5896,60,15,44,8,1.9,60,A
366914750,2022-04-01T22:50:49,29.05538,-89.85467,19.2,353.4,511.0,CANDY COTTON,IMO9026497,WDB5896,60,15,44,8,1.9,60,A
366914750,2022-04-01T22:52:07,29.06200,-89.85800,19.6,334.3,511.0,CANDY COTTON,IMO9026497,WDB5896,60,15,44,8,1.9,60,A
366914750,2022-04-01T22:53:13,29.06772,-89.85893,19.0,0.0,511.0,CANDY COTTON,IMO9026497,WDB5896,60,15,44,8,1.9,60,A
366914750,2022-04-01T22:54:18,29.07384,-89.85947,19.9,358.4,511.0,CANDY COTTON,IMO9026497,WDB5896,60,15,44,8,1.9,60,A
366914750,2022-04-01T22:55:25,29.08000,-89.85920,20.4,354.3,511.0,CANDY COTTON,IMO9026497,WDB5896,60,15,44,8,1.9,60,A
366914750,2022-04-01T22:56:31,29.08583,-89.86060,20.1,354.3,511.0,CANDY COTTON,IMO9026497,WDB5896,60,15,44,8,1.9,60,A
366914750,2022-04-01T22:57:43,29.09224,-89.86227,20.3,352.5,511.0,CANDY COTTON,IMO9026497,WDB5896,60,15,44,8,1.9,60,A
366914750,2022-04-01T22:58:48,29.09794,-89.86388,20.0,347.9,511.0,CANDY COTTON,IMO9026497,WDB5896,60,15,44,8,1.9,60,A
366914750,2022-04-01T22:59:55,29.10375,-89.86481,19.4,355.7,511.0,CANDY COTTON,IMO9026497,WDB5896,60,15,44,8,1.9,60,A
366914750,2022-04-01T23:00:01,29.10440,-89.86484,19.9,357.9,511.0,CANDY COTTON,IMO9026497,WDB5896,60,15,44,8,1.9,60,A
366914750,2022-04-01T23:01:13,29.11070,-89.86644,19.6,342.3,511.0,CANDY COTTON,IMO9026497,WDB5896,60,15,44,8,1.9,60,A
366914750,2022-04-01T23:02:19,29.11646,-89.86851,19.7,341.2,511.0,CANDY COTTON,IMO9026497,WDB5896,60,15,44,8,1.9,60,A
366914750,2022-04-01T23:03:25,29.12230,-89.87010,19.1,347.0,511.0,CANDY COTTON,IMO9026497,WDB5896,60,15,44,8,1.9,60,A
366914750,2022-04-01T23:04:31,29.12810,-89.87172,19.9,347.2,511.0,CANDY COTTON,IMO9026497,WDB5896,60,15,44,8,1.9,60,A
366914750,2022-04-01T23:05:43,29.13458,-89.87348,20.0,356.1,511.0,CANDY COTTON,IMO9026497,WDB5896,60,15,44,8,1.9,60,A
366914750,2022-04-01T23:06:49,29.14030,-89.87488,19.2,348.6,511.0,CANDY COTTON,IMO9026497,WDB5896,60,15,44,8,1.9,60,A
366914750,2022-04-01T23:07:55,29.14600,-89.87612,19.7,352.4,511.0,CANDY COTTON,IMO9026497,WDB5896,60,15,44,8,1.9,60,A
366914750,2022-04-01T23:09:01,29.15206,-89.87711,19.3,354.4,511.0,CANDY COTTON,IMO9026497,WDB5896,60,15,44,8,1.9,60,A
366914750,2022-04-01T23:10:13,29.15835,-89.87920,19.8,338.1,511.0,CANDY COTTON,IMO9026497,WDB5896,60,15,44,8,1.9,60,A
366914750,2022-04-01T23:11:24,29.16469,-89.88093,19.2,344.2,511.0,CANDY COTTON,IMO9026497,WDB5896,60,15,44,8,1.9,60,A
366914750,2022-04-01T23:12:31,29.17052,-89.88237,19.8,356.1,511.0,CANDY COTTON,IMO9026497,WDB5896,60,15,44,8,1.9,60,A
366914750,2022-04-01T23:13:49,29.17649,-89.88549,18.7,325.2,511.0,CANDY COTTON,IMO9026497,WDB5896,60,15,44,8,1.9,60,A
366914750,2022-04-01T23:14:55,29.18010,-89.89038,18.9,296.7,511.0,CANDY COTTON,IMO9026497,WDB5896,60,15,44,8,1.9,60,A
366914750,2022-04-01T23:16:01,29.18276,-89.89614,18.4,308.3,511.0,CANDY COTTON,IMO9026497,WDB5896,60,15,44,8,1.9,60,A
366914750,2022-04-01T23:17:07,29.18688,-89.90050,19.0,330.5,511.0,CANDY COTTON,IMO9026497,WDB5896,60,15,44,8,1.9,60,A
367359790,2022-03-31T08:35:21,29.19165,-89.92085,16.5,200.9,511.0,HORIZON RUNNER,IMO9384045,WDE4930,60,8,47,9,2.6,60,A
367359790,2022-03-31T08:36:27,29.18686,-89.92365,17.4,211.0,511.0,HORIZON RUNNER,IMO9384045,WDE4930,60,8,47,9,2.6,60,A
367359790,2022-03-31T08:37:33,29.18221,-89.92663,17.9,204.6,511.0,HORIZON RUNNER,IMO9384045,WDE4930,60,8,47,9,2.6,60,A
367359790,2022-03-31T08:38:39,29.17738,-89.92923,17.6,207.5,511.0,HORIZON RUNNER,IMO9384045,WDE4930,60,8,47,9,2.6,60,A
367359790,2022-03-31T08:39:45,29.17252,-89.93165,17.2,208.8,511.0,HORIZON RUNNER,IMO9384045,WDE4930,60,8,47,9,2.6,60,A
367359790,2022-03-31T08:40:46,29.16804,-89.93413,17.8,205.7,511.0,HORIZON RUNNER,IMO9384045,WDE4930,60,8,47,9,2.6,60,A
367359790,2022-03-31T08:42:03,29.16237,-89.93752,17.4,208.7,511.0,HORIZON RUNNER,IMO9384045,WDE4930,60,8,47,9,2.6,60,A
367359790,2022-03-31T08:43:10,29.15748,-89.94030,17.9,208.1,511.0,HORIZON RUNNER,IMO9384045,WDE4930,60,8,47,9,2.6,60,A
367359790,2022-03-31T08:44:16,29.15258,-89.94304,17.7,206.5,511.0,HORIZON RUNNER,IMO9384045,WDE4930,60,8,47,9,2.6,60,A
367359790,2022-03-31T08:45:22,29.14769,-89.94588,18.1,206.6,511.0,HORIZON RUNNER,IMO9384045,WDE4930,60,8,47,9,2.6,60,A
367359790,2022-03-31T08:46:28,29.14330,-89.94957,18.5,225.9,511.0,HORIZON RUNNER,IMO9384045,WDE4930,60,8,47,9,2.6,60,A
367359790,2022-03-31T08:47:33,29.13921,-89.95384,18.0,223.0,511.0,HORIZON RUNNER,IMO9384045,WDE4930,60,8,47,9,2.6,60,A
367359790,2022-03-31T08:48:39,29.13518,-89.95818,17.6,225.2,511.0,HORIZON RUNNER,IMO9384045,WDE4930,60,8,47,9,2.6,60,A
367359790,2022-03-31T08:49:40,29.13142,-89.96201,17.5,223.5,511.0,HORIZON RUNNER,IMO9384045,WDE4930,60,8,47,9,2.6,60,A
367359790,2022-03-31T08:50:57,29.12633,-89.96661,18.1,209.5,511.0,HORIZON RUNNER,IMO9384045,WDE4930,60,8,47,9,2.6,60,A
367359790,2022-03-31T08:52:04,29.12143,-89.96963,18.4,203.3,511.0,HORIZON RUNNER,IMO9384045,WDE4930,60,8,47,9,2.6,60,A
367359790,2022-03-31T10:33:08,29.09814,-89.96967,0.4,360.0,511.0,HORIZON RUNNER,IMO9384045,WDE4930,60,8,47,9,2.6,60,A
367359790,2022-03-31T10:34:28,29.09749,-89.96923,3.9,134.2,511.0,HORIZON RUNNER,IMO9384045,WDE4930,60,8,47,9,2.6,60,A
367359790,2022-03-31T10:35:58,29.09670,-89.96705,5.0,99.8,511.0,HORIZON RUNNER,IMO9384045,WDE4930,60,8,47,9,2.6,60,A
367359790,2022-03-31T10:38:28,29.09694,-89.96520,0.2,360.0,511.0,HORIZON RUNNER,IMO9384045,WDE4930,60,8,47,9,2.6,60,A
367359790,2022-03-31T10:40:28,29.09682,-89.96511,1.6,218.0,511.0,HORIZON RUNNER,IMO9384045,WDE4930,60,8,47,9,2.6,60,A
367359790,2022-03-31T10:41:38,29.09575,-89.96455,8.2,107.0,511.0,HORIZON RUNNER,IMO9384045,WDE4930,60,8,47,9,2.6,60,A
367359790,2022-03-31T10:42:48,29.09547,-89.96074,11.8,86.8,511.0,HORIZON RUNNER,IMO9384045,WDE4930,60,8,47,9,2.6,60,A
367359790,2022-03-31T10:44:08,29.09575,-89.95530,13.2,83.2,511.0,HORIZON RUNNER,IMO9384045,WDE4930,60,8,47,9,2.6,60,A
367359790,2022-03-31T10:45:18,29.09576,-89.95052,13.0,91.6,511.0,HORIZON RUNNER,IMO9384045,WDE4930,60,8,47,9,2.6,60,A
367359790,2022-03-31T10:46:27,29.09582,-89.94594,11.7,93.6,511.0,HORIZON RUNNER,IMO9384045,WDE4930,60,8,47,9,2.6,60,A
367359790,2022-03-31T10:47:38,29.09606,-89.94408,6.7,346.9,511.0,HORIZON RUNNER,IMO9384045,WDE4930,60,8,47,9,2.6,60,A
367359790,2022-03-31T10:48:47,29.09543,-89.94372,4.9,144.6,511.0,HORIZON RUNNER,IMO9384045,WDE4930,60,8,47,9,2.6,60,A
367359790,2022-03-31T10:50:18,29.09477,-89.94279,0.9,360.0,511.0,HORIZON RUNNER,IMO9384045,WDE4930,60,8,47,9,2.6,60,A
367359790,2022-03-31T10:51:37,29.09425,-89.94292,0.4,360.0,511.0,HORIZON RUNNER,IMO9384045,WDE4930,60,8,47,9,2.6,60,A
367359790,2022-03-31T10:53:08,29.09488,-89.94418,4.6,286.2,511.0,HORIZON RUNNER,IMO9384045,WDE4930,60,8,47,9,2.6,60,A
367359790,2022-03-31T10:54:28,29.09539,-89.94403,4.2,47.9,511.0,HORIZON RUNNER,IMO9384045,WDE4930,60,8,47,9,2.6,60,A
367359790,2022-03-31T10:55:37,29.09543,-89.94310,0.9,360.0,511.0,HORIZON RUNNER,IMO9384045,WDE4930,60,8,47,9,2.6,60,A
367359790,2022-03-31T10:56:47,29.09600,-89.94302,1.7,188.9,511.0,HORIZON RUNNER,IMO9384045,WDE4930,60,8,47,9,2.6,60,A
367359790,2022-03-31T10:57:57,29.09512,-89.94287,1.7,158.4,511.0,HORIZON RUNNER,IMO9384045,WDE4930,60,8,47,9,2.6,60,A
367359790,2022-03-31T10:59:08,29.09470,-89.94294,0.5,360.0,511.0,HORIZON RUNNER,IMO9384045,WDE4930,60,8,47,9,2.6,60,A
367359790,2022-03-31T11:00:08,29.09506,-89.94328,4.5,353.2,511.0,HORIZON RUNNER,IMO9384045,WDE4930,60,8,47,9,2.6,60,A
367359790,2022-03-31T11:01:18,29.09621,-89.94317,7.2,342.5,511.0,HORIZON RUNNER,IMO9384045,WDE4930,60,8,47,9,2.6,60,A
367359790,2022-03-31T11:02:23,29.09890,-89.94684,17.4,311.9,511.0,HORIZON RUNNER,IMO9384045,WDE4930,60,8,47,9,2.6,60,A
367359790,2022-03-31T11:03:28,29.10294,-89.95084,17.1,320.6,511.0,HORIZON RUNNER,IMO9384045,WDE4930,60,8,47,9,2.6,60,A
367359790,2022-03-31T11:04:34,29.10706,-89.95534,17.2,312.1,511.0,HORIZON RUNNER,IMO9384045,WDE4930,60,8,47,9,2.6,60,A
367359790,2022-03-31T11:05:46,29.11116,-89.96039,17.7,315.4,511.0,HORIZON RUNNER,IMO9384045,WDE4930,60,8,47,9,2.6,60,A
367359790,2022-03-31T11:07:22,29.11742,-89.96586,18.3,327.1,511.0,HORIZON RUNNER,IMO9384045,WDE4930,60,8,47,9,2.6,60,A
367359790,2022-03-31T11:08:41,29.12115,-89.96676,5.8,34.7,511.0,HORIZON RUNNER,IMO9384045,WDE4930,60,8,47,9,2.6,60,A
367359790,2022-03-31T11:10:16,29.12103,-89.96614,2.0,318.3,511.0,HORIZON RUNNER,IMO9384045,WDE4930,60,8,47,9,2.6,60,A
367359790,2022-03-31T11:11:52,29.12216,-89.96658,0.8,360.0,511.0,HORIZON RUNNER,IMO9384045,WDE4930,60,8,47,9,2.6,60,A
367359790,2022-03-31T11:12:54,29.12208,-89.96666,1.2,54.2,511.0,HORIZON RUNNER,IMO9384045,WDE4930,60,8,47,9,2.6,60,A
367359790,2022-03-31T11:16:24,29.12257,-89.96667,0.4,360.0,511.0,HORIZON RUNNER,IMO9384045,WDE4930,60,8,47,9,2.6,60,A
367359790,2022-03-31T11:17:55,29.12239,-89.96674,1.5,196.6,511.0,HORIZON RUNNER,IMO9384045,WDE4930,60,8,47,9,2.6,60,A
367359790,2022-03-31T11:19:45,29.12206,-89.96682,2.2,165.7,511.0,HORIZON RUNNER,IMO9384045,WDE4930,60,8,47,9,2.6,60,A
367359790,2022-03-31T11:27:34,29.12106,-89.96664,0.9,360.0,511.0,HORIZON RUNNER,IMO9384045,WDE4930,60,8,47,9,2.6,60,A
367359790,2022-03-31T11:29:15,29.12071,-89.96674,1.7,184.1,511.0,HORIZON RUNNER,IMO9384045,WDE4930,60,8,47,9,2.6,60,A
367359790,2022-03-31T11:30:54,29.12005,-89.96720,3.1,260.3,511.0,HORIZON RUNNER,IMO9384045,WDE4930,60,8,47,9,2.6,60,A
367359790,2022-03-31T11:32:14,29.12049,-89.96779,4.6,359.5,511.0,HORIZON RUNNER,IMO9384045,WDE4930,60,8,47,9,2.6,60,A
367359790,2022-03-31T11:38:44,29.12259,-89.96662,0.9,360.0,511.0,HORIZON RUNNER,IMO9384045,WDE4930,60,8,47,9,2.6,60,A
367359790,2022-03-31T11:39:55,29.12257,-89.96667,0.8,360.0,511.0,HORIZON RUNNER,IMO9384045,WDE4930,60,8,47,9,2.6,60,A
367359790,2022-03-31T11:41:04,29.12248,-89.96667,0.7,360.0,511.0,HORIZON RUNNER,IMO9384045,WDE4930,60,8,47,9,2.6,60,A
367359790,2022-03-31T11:42:34,29.12255,-89.96662,0.2,360.0,511.0,HORIZON RUNNER,IMO9384045,WDE4930,60,8,47,9,2.6,60,A
367359790,2022-03-31T11:43:44,29.12257,-89.96664,0.4,360.0,511.0,HORIZON RUNNER,IMO9384045,WDE4930,60,8,47,9,2.6,60,A
367359790,2022-03-31T11:44:55,29.12237,-89.96673,1.2,195.0,511.0,HORIZON RUNNER,IMO9384045,WDE4930,60,8,47,9,2.6,60,A
367359790,2022-03-31T11:46:05,29.12243,-89.96673,0.3,360.0,511.0,HORIZON RUNNER,IMO9384045,WDE4930,60,8,47,9,2.6,60,A
367359790,2022-03-31T11:47:15,29.12254,-89.96666,0.9,360.0,511.0,HORIZON RUNNER,IMO9384045,WDE4930,60,8,47,9,2.6,60,A
367359790,2022-03-31T11:48:25,29.12259,-89.96665,0.3,360.0,511.0,HORIZON RUNNER,IMO9384045,WDE4930,60,8,47,9,2.6,60,A
367359790,2022-03-31T11:49:34,29.12056,-89.96701,12.2,182.6,511.0,HORIZON RUNNER,IMO9384045,WDE4930,60,8,47,9,2.6,60,A
367359790,2022-03-31T11:50:36,29.11656,-89.96791,13.6,193.5,511.0,HORIZON RUNNER,IMO9384045,WDE4930,60,8,47,9,2.6,60,A
367359790,2022-03-31T11:51:49,29.11189,-89.96909,14.5,183.9,511.0,HORIZON RUNNER,IMO9384045,WDE4930,60,8,47,9,2.6,60,A
367359790,2022-03-31T11:52:55,29.11016,-89.96929,2.4,276.0,511.0,HORIZON RUNNER,IMO9384045,WDE4930,60,8,47,9,2.6,60,A
367359790,2022-03-31T11:54:01,29.10991,-89.96943,0.9,360.0,511.0,HORIZON RUNNER,IMO9384045,WDE4930,60,8,47,9,2.6,60,A
367359790,2022-03-31T12:13:02,29.11530,-89.96862,5.8,65.1,511.0,HORIZON RUNNER,IMO9384045,WDE4930,60,8,47,9,2.6,60,A
367359790,2022-03-31T12:14:11,29.11656,-89.96714,6.1,29.2,511.0,HORIZON RUNNER,IMO9384045,WDE4930,60,8,47,9,2.6,60,A
367359790,2022-03-31T12:15:20,29.11823,-89.96624,6.0,9.4,511.0,HORIZON RUNNER,IMO9384045,WDE4930,60,8,47,9,2.6,60,A
367359790,2022-03-31T12:17:32,29.11928,-89.96566,1.0,360.0,511.0,HORIZON RUNNER,IMO9384045,WDE4930,60,8,47,9,2.6,60,A
367359790,2022-03-31T12:18:40,29.11886,-89.96560,0.8,360.0,511.0,HORIZON RUNNER,IMO9384045,WDE4930,60,8,47,9,2.6,60,A
367359790,2022-03-31T12:20:02,29.11817,-89.96581,1.5,202.7,511.0,HORIZON RUNNER,IMO9384045,WDE4930,60,8,47,9,2.6,60,A
367359790,2022-03-31T12:21:11,29.11796,-89.96564,1.4,33.4,511.0,HORIZON RUNNER,IMO9384045,WDE4930,60,8,47,9,2.6,60,A
367359790,2022-03-31T12:22:31,29.11956,-89.96550,6.4,6.7,511.0,HORIZON RUNNER,IMO9384045,WDE4930,60,8,47,9,2.6,60,A
367359790,2022-03-31T12:23:52,29.12044,-89.96496,1.0,360.0,511.0,HORIZON RUNNER,IMO9384045,WDE4930,60,8,47,9,2.6,60,A
367359790,2022-03-31T12:25:12,29.12014,-89.96482,0.8,360.0,511.0,HORIZON RUNNER,IMO9384045,WDE4930,60,8,47,9,2.6,60,A
367359790,2022-03-31T12:26:30,29.11959,-89.96489,1.2,203.4,511.0,HORIZON RUNNER,IMO9384045,WDE4930,60,8,47,9,2.6,60,A
367359790,2022-03-31T12:27:41,29.11907,-89.96507,1.5,198.4,511.0,HORIZON RUNNER,IMO9384045,WDE4930,60,8,47,9,2.6,60,A
367359790,2022-03-31T12:28:51,29.11849,-89.96532,1.6,192.2,511.0,HORIZON RUNNER,IMO9384045,WDE4930,60,8,47,9,2.6,60,A
367359790,2022-03-31T12:30:02,29.11799,-89.96543,0.4,360.0,511.0,HORIZON RUNNER,IMO9384045,WDE4930,60,8,47,9,2.6,60,A
367359790,2022-03-31T12:31:32,29.11850,-89.96641,4.6,291.5,511.0,HORIZON RUNNER,IMO9384045,WDE4930,60,8,47,9,2.6,60,A
367359790,2022-03-31T12:32:51,29.11888,-89.96777,2.3,280.3,511.0,HORIZON RUNNER,IMO9384045,WDE4930,60,8,47,9,2.6,60,A
367359790,2022-03-31T12:34:22,29.11850,-89.96858,1.7,228.8,511.0,HORIZON RUNNER,IMO9384045,WDE4930,60,8,47,9,2.6,60,A
367359790,2022-03-31T12:35:31,29.11801,-89.96905,2.3,211.1,511.0,HORIZON RUNNER,IMO9384045,WDE4930,60,8,47,9,2.6,60,A
367359790,2022-03-31T12:39:01,29.11975,-89.96996,4.0,349.7,511.0,HORIZON RUNNER,IMO9384045,WDE4930,60,8,47,9,2.6,60,A
367359790,2022-03-31T13:36:35,29.09629,-89.96639,4.6,52.7,511.0,HORIZON RUNNER,IMO9384045,WDE4930,60,8,47,9,2.6,60,A
367359790,2022-03-31T13:38:06,29.09644,-89.96638,3.2,49.3,511.0,HORIZON RUNNER,IMO9384045,WDE4930,60,8,47,9,2.6,60,A
367359790,2022-03-31T13:39:11,29.09742,-89.96566,3.7,25.1,511.0,HORIZON RUNNER,IMO9384045,WDE4930,60,8,47,9,2.6,60,A
367359790,2022-03-31T13:40:13,29.09762,-89.96524,1.6,147.8,511.0,HORIZON RUNNER,IMO9384045,WDE4930,60,8,47,9,2.6,60,A
367359790,2022-03-31T13:41:34,29.09817,-89.96529,1.4,255.5,511.0,HORIZON RUNNER,IMO9384045,WDE4930,60,8,47,9,2.6,60,A
367359790,2022-03-31T13:42:44,29.09722,-89.96530,2.1,158.3,511.0,HORIZON RUNNER,IMO9384045,WDE4930,60,8,47,9,2.6,60,A
367359790,2022-03-31T13:43:53,29.09661,-89.96576,3.5,199.1,511.0,HORIZON RUNNER,IMO9384045,WDE4930,60,8,47,9,2.6,60,A
367359790,2022-03-31T13:44:54,29.09564,-89.96475,12.3,101.8,511.0,HORIZON RUNNER,IMO9384045,WDE4930,60,8,47,9,2.6,60,A
367359790,2022-03-31T13:45:57,29.09535,-89.96003,14.5,100.8,511.0,HORIZON RUNNER,IMO9384045,WDE4930,60,8,47,9,2.6,60,A
367359790,2022-03-31T13:47:03,29.09527,-89.95498,15.0,95.9,511.0,HORIZON RUNNER,IMO9384045,WDE4930,60,8,47,9,2.6,60,A
367359790,2022-03-31T13:48:08,29.09439,-89.95001,14.6,88.2,511.0,HORIZON RUNNER,IMO9384045,WDE4930,60,8,47,9,2.6,60,A
367359790,2022-03-31T13:49:15,29.09482,-89.94516,11.7,88.0,511.0,HORIZON RUNNER,IMO9384045,WDE4930,60,8,47,9,2.6,60,A
367359790,2022-03-31T13:50:32,29.09416,-89.94336,1.2,200.6,511.0,HORIZON RUNNER,IMO9384045,WDE4930,60,8,47,9,2.6,60,A
367359790,2022-03-31T13:51:39,29.09443,-89.94330,2.5,43.2,511.0,HORIZON RUNNER,IMO9384045,WDE4930,60,8,47,9,2.6,60,A
367359790,2022-03-31T13:52:43,29.09475,-89.94280,1.1,91.4,511.0,HORIZON RUNNER,IMO9384045,WDE4930,60,8,47,9,2.6,60,A
367359790,2022-03-31T13:54:32,29.09458,-89.94274,0.9,360.0,511.0,HORIZON RUNNER,IMO9384045,WDE4930,60,8,47,9,2.6,60,A
367359790,2022-03-31T13:55:33,29.09444,-89.94282,0.4,360.0,511.0,HORIZON RUNNER,IMO9384045,WDE4930,60,8,47,9,2.6,60,A
367359790,2022-03-31T13:56:43,29.09420,-89.94297,1.3,181.3,511.0,HORIZON RUNNER,IMO9384045,WDE4930,60,8,47,9,2.6,60,A
367359790,2022-03-31T13:58:03,29.09469,-89.94271,1.4,17.1,511.0,HORIZON RUNNER,IMO9384045,WDE4930,60,8,47,9,2.6,60,A
367359790,2022-03-31T13:59:23,29.09439,-89.94273,1.3,184.4,511.0,HORIZON RUNNER,IMO9384045,WDE4930,60,8,47,9,2.6,60,A
367359790,2022-03-31T14:00:03,29.09412,-89.94287,2.0,232.0,511.0,HORIZON RUNNER,IMO9384045,WDE4930,60,8,47,9,2.6,60,A
367359790,2022-03-31T14:01:04,29.09394,-89.94306,0.9,360.0,511.0,HORIZON RUNNER,IMO9384045,WDE4930,60,8,47,9,2.6,60,A
367359790,2022-03-31T14:02:24,29.09426,-89.94303,0.8,360.0,511.0,HORIZON RUNNER,IMO9384045,WDE4930,60,8,47,9,2.6,60,A
367359790,2022-03-31T14:03:34,29.09431,-89.94296,0.8,360.0,511.0,HORIZON RUNNER,IMO9384045,WDE4930,60,8,47,9,2.6,60,A
367359790,2022-03-31T14:04:43,29.09422,-89.94302,0.7,360.0,511.0,HORIZON RUNNER,IMO9384045,WDE4930,60,8,47,9,2.6,60,A
367359790,2022-03-31T14:05:54,29.09391,-89.94309,1.7,186.0,511.0,HORIZON RUNNER,IMO9384045,WDE4930,60,8,47,9,2.6,60,A
367359790,2022-03-31T14:07:54,29.09301,-89.94352,1.2,225.8,511.0,HORIZON RUNNER,IMO9384045,WDE4930,60,8,47,9,2.6,60,A
367359790,2022-03-31T14:09:04,29.09245,-89.94390,1.9,205.3,511.0,HORIZON RUNNER,IMO9384045,WDE4930,60,8,47,9,2.6,60,A
367359790,2022-03-31T14:10:13,29.09196,-89.94427,2.6,202.7,511.0,HORIZON RUNNER,IMO9384045,WDE4930,60,8,47,9,2.6,60,A
367359790,2022-03-31T14:11:24,29.09145,-89.94464,2.0,208.9,511.0,HORIZON RUNNER,IMO9384045,WDE4930,60,8,47,9,2.6,60,A
367359790,2022-03-31T14:12:32,29.09172,-89.94723,8.9,322.5,511.0,HORIZON RUNNER,IMO9384045,WDE4930,60,8,47,9,2.6,60,A
367359790,2022-03-31T14:13:43,29.09526,-89.94485,16.9,31.7,511.0,HORIZON RUNNER,IMO9384045,WDE4930,60,8,47,9,2.6,60,A
367359790,2022-03-31T14:14:49,29.09941,-89.94115,16.3,37.7,511.0,HORIZON RUNNER,IMO9384045,WDE4930,60,8,47,9,2.6,60,A
367359790,2022-03-31T14:15:56,29.10377,-89.93772,18.3,35.5,511.0,HORIZON RUNNER,IMO9384045,WDE4930,60,8,47,9,2.6,60,A
367359790,2022-03-31T14:17:01,29.10790,-89.93410,17.1,39.9,511.0,HORIZON RUNNER,IMO9384045,WDE4930,60,8,47,9,2.6,60,A
367359790,2022-03-31T14:18:07,29.11203,-89.93030,17.6,32.2,511.0,HORIZON RUNNER,IMO9384045,WDE4930,60,8,47,9,2.6,60,A
367359790,2022-03-31T14:19:13,29.11628,-89.92673,17.2,42.9,511.0,HORIZON RUNNER,IMO9384045,WDE4930,60,8,47,9,2.6,60,A
367359790,2022-03-31T14:20:19,29.12040,-89.92323,16.2,29.6,511.0,HORIZON RUNNER,IMO9384045,WDE4930,60,8,47,9,2.6,60,A
367359790,2022-03-31T14:21:25,29.12454,-89.91931,16.0,47.6,511.0,HORIZON RUNNER,IMO9384045,WDE4930,60,8,47,9,2.6,60,A
367359790,2022-03-31T14:22:31,29.12877,-89.91598,18.8,36.4,511.0,HORIZON RUNNER,IMO9384045,WDE4930,60,8,47,9,2.6,60,A
367359790,2022-03-31T14:23:36,29.13277,-89.91252,17.0,38.2,511.0,HORIZON RUNNER,IMO9384045,WDE4930,60,8,47,9,2.6,60,A
367359790,2022-03-31T14:24:43,29.13722,-89.90919,18.3,40.9,511.0,HORIZON RUNNER,IMO9384045,WDE4930,60,8,47,9,2.6,60,A
367359790,2022-03-31T14:26:01,29.14225,-89.90515,15.5,35.9,511.0,HORIZON RUNNER,IMO9384045,WDE4930,60,8,47,9,2.6,60,A
367359790,2022-03-31T14:27:13,29.14712,-89.90167,15.9,34.8,511.0,HORIZON RUNNER,IMO9384045,WDE4930,60,8,47,9,2.6,60,A
367359790,2022-03-31T14:28:19,29.14951,-89.89899,6.7,84.9,511.0,HORIZON RUNNER,IMO9384045,WDE4930,60,8,47,9,2.6,60,A
367359790,2022-03-31T14:29:24,29.14904,-89.89844,0.9,360.0,511.0,HORIZON RUNNER,IMO9384045,WDE4930,60,8,47,9,2.6,60,A
367359790,2022-03-31T14:30:25,29.14958,-89.89811,3.1,50.7,511.0,HORIZON RUNNER,IMO9384045,WDE4930,60,8,47,9,2.6,60,A
367359790,2022-03-31T14:31:31,29.14983,-89.89781,0.1,360.0,511.0,HORIZON RUNNER,IMO9384045,WDE4930,60,8,47,9,2.6,60,A
367359790,2022-03-31T14:32:35,29.14952,-89.89803,1.4,198.2,511.0,HORIZON RUNNER,IMO9384045,WDE4930,60,8,47,9,2.6,60,A
367359790,2022-03-31T14:33:45,29.14923,-89.89823,0.7,360.0,511.0,HORIZON RUNNER,IMO9384045,WDE4930,60,8,47,9,2.6,60,A
367359790,2022-03-31T14:34:55,29.14901,-89.89839,0.7,360.0,511.0,HORIZON RUNNER,IMO9384045,WDE4930,60,8,47,9,2.6,60,A
367359790,2022-03-31T14:36:06,29.14916,-89.89809,1.1,37.7,511.0,HORIZON RUNNER,IMO9384045,WDE4930,60,8,47,9,2.6,60,A
367359790,2022-03-31T14:37:24,29.14888,-89.89803,1.2,199.1,511.0,HORIZON RUNNER,IMO9384045,WDE4930,60,8,47,9,2.6,60,A
367359790,2022-03-31T14:38:35,29.14859,-89.89804,0.8,360.0,511.0,HORIZON RUNNER,IMO9384045,WDE4930,60,8,47,9,2.6,60,A
367359790,2022-03-31T14:39:46,29.14814,-89.89823,1.7,196.5,511.0,HORIZON RUNNER,IMO9384045,WDE4930,60,8,47,9,2.6,60,A
367359790,2022-03-31T14:40:55,29.14760,-89.89845,1.9,198.5,511.0,HORIZON RUNNER,IMO9384045,WDE4930,60,8,47,9,2.6,60,A
367359790,2022-03-31T14:42:05,29.14724,-89.89904,1.6,277.7,511.0,HORIZON RUNNER,IMO9384045,WDE4930,60,8,47,9,2.6,60,A
367359790,2022-03-31T14:43:15,29.14769,-89.89914,5.1,38.0,511.0,HORIZON RUNNER,IMO9384045,WDE4930,60,8,47,9,2.6,60,A
367359790,2022-03-31T14:47:15,29.14848,-89.89863,0.9,360.0,511.0,HORIZON RUNNER,IMO9384045,WDE4930,60,8,47,9,2.6,60,A
367359790,2022-03-31T14:48:26,29.14810,-89.89871,0.5,360.0,511.0,HORIZON RUNNER,IMO9384045,WDE4930,60,8,47,9,2.6,60,A
367359790,2022-03-31T14:49:45,29.14810,-89.89913,1.8,250.0,511.0,HORIZON RUNNER,IMO9384045,WDE4930,60,8,47,9,2.6,60,A
367359790,2022-03-31T14:50:56,29.14785,-89.89975,2.9,301.7,511.0,HORIZON RUNNER,IMO9384045,WDE4930,60,8,47,9,2.6,60,A
367359790,2022-03-31T14:52:05,29.14841,-89.89976,4.5,65.7,511.0,HORIZON RUNNER,IMO9384045,WDE4930,60,8,47,9,2.6,60,A
367359790,2022-03-31T14:53:14,29.14878,-89.89842,1.5,80.7,511.0,HORIZON RUNNER,IMO9384045,WDE4930,60,8,47,9,2.6,60,A
367359790,2022-03-31T14:54:16,29.14870,-89.89811,0.4,360.0,511.0,HORIZON RUNNER,IMO9384045,WDE4930,60,8,47,9,2.6,60,A
367359790,2022-03-31T14:55:26,29.14849,-89.89806,0.8,360.0,511.0,HORIZON RUNNER,IMO9384045,WDE4930,60,8,47,9,2.6,60,A
367359790,2022-03-31T14:56:44,29.14799,-89.89827,1.2,208.6,511.0,HORIZON RUNNER,IMO9384045,WDE4930,60,8,47,9,2.6,60,A
367359790,2022-03-31T14:57:56,29.14806,-89.89833,1.9,327.6,511.0,HORIZON RUNNER,IMO9384045,WDE4930,60,8,47,9,2.6,60,A
367359790,2022-03-31T14:59:05,29.14810,-89.89897,1.8,248.8,511.0,HORIZON RUNNER,IMO9384045,WDE4930,60,8,47,9,2.6,60,A
367359790,2022-03-31T15:00:05,29.14808,-89.89959,3.1,292.9,511.0,HORIZON RUNNER,IMO9384045,WDE4930,60,8,47,9,2.6,60,A
367359790,2022-03-31T15:01:15,29.14905,-89.89990,2.3,13.3,511.0,HORIZON RUNNER,IMO9384045,WDE4930,60,8,47,9,2.6,60,A
367359790,2022-03-31T15:02:34,29.14961,-89.89804,3.0,115.7,511.0,HORIZON RUNNER,IMO9384045,WDE4930,60,8,47,9,2.6,60,A
367359790,2022-03-31T15:03:45,29.14950,-89.89824,2.1,8.2,511.0,HORIZON RUNNER,IMO9384045,WDE4930,60,8,47,9,2.6,60,A
367359790,2022-03-31T15:05:05,29.14984,-89.89784,1.0,360.0,511.0,HORIZON RUNNER,IMO9384045,WDE4930,60,8,47,9,2.6,60,A
367359790,2022-03-31T15:06:29,29.14855,-89.90076,15.6,277.2,511.0,HORIZON RUNNER,IMO9384045,WDE4930,60,8,47,9,2.6,60,A
367359790,2022-03-31T15:07:35,29.14792,-89.90766,19.7,261.6,511.0,HORIZON RUNNER,IMO9384045,WDE4930,60,8,47,9,2.6,60,A
367359790,2022-03-31T15:08:42,29.14788,-89.91452,20.8,272.4,511.0,HORIZON RUNNER,IMO9384045,WDE4930,60,8,47,9,2.6,60,A
367359790,2022-03-31T15:09:48,29.14738,-89.92138,20.0,270.5,511.0,HORIZON RUNNER,IMO9384045,WDE4930,60,8,47,9,2.6,60,A
367359790,2022-03-31T15:10:54,29.14765,-89.92832,19.6,270.0,511.0,HORIZON RUNNER,IMO9384045,WDE4930,60,8,47,9,2.6,60,A
367359790,2022-03-31T15:12:00,29.14783,-89.93521,20.0,273.1,511.0,HORIZON RUNNER,IMO9384045,WDE4930,60,8,47,9,2.6,60,A
367359790,2022-03-31T15:13:07,29.14830,-89.94205,20.7,279.0,511.0,HORIZON RUNNER,IMO9384045,WDE4930,60,8,47,9,2.6,60,A
367359790,2022-03-31T15:19:42,29.15292,-89.96807,1.2,82.5,511.0,HORIZON RUNNER,IMO9384045,WDE4930,60,8,47,9,2.6,60,A
367359790,2022-03-31T15:20:49,29.15296,-89.96796,1.6,205.6,511.0,HORIZON RUNNER,IMO9384045,WDE4930,60,8,47,9,2.6,60,A
367359790,2022-03-31T15:22:07,29.15262,-89.96832,1.0,360.0,511.0,HORIZON RUNNER,IMO9384045,WDE4930,60,8,47,9,2.6,60,A
367359790,2022-03-31T15:23:17,29.15244,-89.96851,0.7,360.0,511.0,HORIZON RUNNER,IMO9384045,WDE4930,60,8,47,9,2.6,60,A
367359790,2022-03-31T15:24:25,29.15229,-89.96861,2.3,64.6,511.0,HORIZON RUNNER,IMO9384045,WDE4930,60,8,47,9,2.6,60,A
367359790,2022-03-31T15:26:17,29.15296,-89.96795,1.0,360.0,511.0,HORIZON RUNNER,IMO9384045,WDE4930,60,8,47,9,2.6,60,A
367359790,2022-03-31T15:27:24,29.15073,-89.96981,19.7,222.9,511.0,HORIZON RUNNER,IMO9384045,WDE4930,60,8,47,9,2.6,60,A
367359790,2022-03-31T15:53:53,29.09792,-89.96606,17.4,101.4,511.0,HORIZON RUNNER,IMO9384045,WDE4930,60,8,47,9,2.6,60,A
367359790,2022-03-31T15:54:59,29.09701,-89.96019,17.0,102.5,511.0,HORIZON RUNNER,IMO9384045,WDE4930,60,8,47,9,2.6,60,A
367359790,2022-03-31T15:56:04,29.09589,-89.95428,17.4,101.8,511.0,HORIZON RUNNER,IMO9384045,WDE4930,60,8,47,9,2.6,60,A
367359790,2022-03-31T15:57:11,29.09453,-89.94830,17.2,98.5,511.0,HORIZON RUNNER,IMO9384045,WDE4930,60,8,47,9,2.6,60,A
367359790,2022-03-31T15:58:23,29.09416,-89.94380,4.6,86.0,511.0,HORIZON RUNNER,IMO9384045,WDE4930,60,8,47,9,2.6,60,A
367359790,2022-03-31T15:59:28,29.09392,-89.94345,0.7,360.0,511.0,HORIZON RUNNER,IMO9384045,WDE4930,60,8,47,9,2.6,60,A
367359790,2022-03-31T16:00:10,29.09434,-89.94339,2.6,23.8,511.0,HORIZON RUNNER,IMO9384045,WDE4930,60,8,47,9,2.6,60,A
367359790,2022-03-31T16:01:18,29.09476,-89.94279,0.7,360.0,511.0,HORIZON RUNNER,IMO9384045,WDE4930,60,8,47,9,2.6,60,A
367359790,2022-03-31T16:02:28,29.09479,-89.94267,0.1,360.0,511.0,HORIZON RUNNER,IMO9384045,WDE4930,60,8,47,9,2.6,60,A
367359790,2022-03-31T16:03:58,29.09455,-89.94300,0.8,360.0,511.0,HORIZON RUNNER,IMO9384045,WDE4930,60,8,47,9,2.6,60,A
367359790,2022-03-31T16:05:49,29.09439,-89.94318,0.5,360.0,511.0,HORIZON RUNNER,IMO9384045,WDE4930,60,8,47,9,2.6,60,A
367359790,2022-03-31T16:07:19,29.09428,-89.94323,0.9,360.0,511.0,HORIZON RUNNER,IMO9384045,WDE4930,60,8,47,9,2.6,60,A
367359790,2022-03-31T16:08:27,29.09405,-89.94337,0.8,360.0,511.0,HORIZON RUNNER,IMO9384045,WDE4930,60,8,47,9,2.6,60,A
367359790,2022-03-31T16:10:09,29.09394,-89.94328,0.9,360.0,511.0,HORIZON RUNNER,IMO9384045,WDE4930,60,8,47,9,2.6,60,A
367359790,2022-03-31T16:11:27,29.09377,-89.94347,0.4,360.0,511.0,HORIZON RUNNER,IMO9384045,WDE4930,60,8,47,9,2.6,60,A
367359790,2022-03-31T16:12:39,29.09402,-89.94331,2.0,43.7,511.0,HORIZON RUNNER,IMO9384045,WDE4930,60,8,47,9,2.6,60,A
367359790,2022-03-31T16:14:09,29.09432,-89.94308,1.2,26.9,511.0,HORIZON RUNNER,IMO9384045,WDE4930,60,8,47,9,2.6,60,A
367359790,2022-03-31T16:15:18,29.09456,-89.94296,0.3,360.0,511.0,HORIZON RUNNER,IMO9384045,WDE4930,60,8,47,9,2.6,60,A
367359790,2022-03-31T16:16:28,29.09444,-89.94304,0.6,360.0,511.0,HORIZON RUNNER,IMO9384045,WDE4930,60,8,47,9,2.6,60,A
367359790,2022-03-31T16:17:39,29.09423,-89.94320,0.8,360.0,511.0,HORIZON RUNNER,IMO9384045,WDE4930,60,8,47,9,2.6,60,A
367359790,2022-03-31T16:18:58,29.09395,-89.94347,1.4,209.2,511.0,HORIZON RUNNER,IMO9384045,WDE4930,60,8,47,9,2.6,60,A
367359790,2022-03-31T16:20:19,29.09442,-89.94321,0.7,360.0,511.0,HORIZON RUNNER,IMO9384045,WDE4930,60,8,47,9,2.6,60,A
367359790,2022-03-31T16:21:29,29.09443,-89.94335,0.9,360.0,511.0,HORIZON RUNNER,IMO9384045,WDE4930,60,8,47,9,2.6,60,A
367359790,2022-03-31T16:23:28,29.09449,-89.94319,0.2,360.0,511.0,HORIZON RUNNER,IMO9384045,WDE4930,60,8,47,9,2.6,60,A
367359790,2022-03-31T16:24:49,29.09449,-89.94311,0.4,360.0,511.0,HORIZON RUNNER,IMO9384045,WDE4930,60,8,47,9,2.6,60,A
367359790,2022-03-31T16:26:28,29.09446,-89.94311,0.2,360.0,511.0,HORIZON RUNNER,IMO9384045,WDE4930,60,8,47,9,2.6,60,A
367359790,2022-03-31T16:27:38,29.09440,-89.94313,0.3,360.0,511.0,HORIZON RUNNER,IMO9384045,WDE4930,60,8,47,9,2.6,60,A
367359790,2022-03-31T16:29:27,29.09457,-89.94303,0.8,360.0,511.0,HORIZON RUNNER,IMO9384045,WDE4930,60,8,47,9,2.6,60,A
367359790,2022-03-31T16:31:18,29.09448,-89.94307,0.4,360.0,511.0,HORIZON RUNNER,IMO9384045,WDE4930,60,8,47,9,2.6,60,A
367359790,2022-03-31T16:32:27,29.09454,-89.94298,0.4,360.0,511.0,HORIZON RUNNER,IMO9384045,WDE4930,60,8,47,9,2.6,60,A
367359790,2022-03-31T16:33:49,29.09462,-89.94288,0.4,360.0,511.0,HORIZON RUNNER,IMO9384045,WDE4930,60,8,47,9,2.6,60,A
367359790,2022-03-31T16:34:57,29.09468,-89.94284,0.6,360.0,511.0,HORIZON RUNNER,IMO9384045,WDE4930,60,8,47,9,2.6,60,A
367359790,2022-03-31T16:36:08,29.09464,-89.94294,1.0,360.0,511.0,HORIZON RUNNER,IMO9384045,WDE4930,60,8,47,9,2.6,60,A
367359790,2022-03-31T16:37:49,29.09452,-89.94315,0.4,360.0,511.0,HORIZON RUNNER,IMO9384045,WDE4930,60,8,47,9,2.6,60,A
367359790,2022-03-31T16:38:57,29.09443,-89.94335,0.7,360.0,511.0,HORIZON RUNNER,IMO9384045,WDE4930,60,8,47,9,2.6,60,A
367359790,2022-03-31T16:40:27,29.09418,-89.94367,1.4,214.3,511.0,HORIZON RUNNER,IMO9384045,WDE4930,60,8,47,9,2.6,60,A
367359790,2022-03-31T16:41:38,29.09424,-89.94369,0.6,360.0,511.0,HORIZON RUNNER,IMO9384045,WDE4930,60,8,47,9,2.6,60,A
367359790,2022-03-31T16:42:49,29.09423,-89.94398,1.2,249.0,511.0,HORIZON RUNNER,IMO9384045,WDE4930,60,8,47,9,2.6,60,A
367359790,2022-03-31T16:43:58,29.09403,-89.94437,1.5,228.6,511.0,HORIZON RUNNER,IMO9384045,WDE4930,60,8,47,9,2.6,60,A
367359790,2022-03-31T16:45:08,29.09374,-89.94481,0.9,360.0,511.0,HORIZON RUNNER,IMO9384045,WDE4930,60,8,47,9,2.6,60,A
367359790,2022-03-31T16:46:19,29.09384,-89.94484,1.4,12.9,511.0,HORIZON RUNNER,IMO9384045,WDE4930,60,8,47,9,2.6,60,A
367359790,2022-03-31T16:47:28,29.09409,-89.94477,0.8,360.0,511.0,HORIZON RUNNER,IMO9384045,WDE4930,60,8,47,9,2.6,60,A
367359790,2022-03-31T16:49:58,29.09420,-89.94451,1.0,360.0,511.0,HORIZON RUNNER,IMO9384045,WDE4930,60,8,47,9,2.6,60,A
367359790,2022-03-31T16:51:28,29.09418,-89.94480,1.0,360.0,511.0,HORIZON RUNNER,IMO9384045,WDE4930,60,8,47,9,2.6,60,A
367359790,2022-03-31T16:52:48,29.09403,-89.94496,0.5,360.0,511.0,HORIZON RUNNER,IMO9384045,WDE4930,60,8,47,9,2.6,60,A
367359790,2022-03-31T16:54:08,29.09409,-89.94485,0.5,360.0,511.0,HORIZON RUNNER,IMO9384045,WDE4930,60,8,47,9,2.6,60,A
367359790,2022-03-31T16:55:29,29.09421,-89.94463,1.0,360.0,511.0,HORIZON RUNNER,IMO9384045,WDE4930,60,8,47,9,2.6,60,A
367359790,2022-03-31T16:56:39,29.09431,-89.94449,1.4,69.1,511.0,HORIZON RUNNER,IMO9384045,WDE4930,60,8,47,9,2.6,60,A
367359790,2022-03-31T16:57:47,29.09439,-89.94454,0.8,360.0,511.0,HORIZON RUNNER,IMO9384045,WDE4930,60,8,47,9,2.6,60,A
367359790,2022-03-31T16:58:48,29.09423,-89.94466,0.5,360.0,511.0,HORIZON RUNNER,IMO9384045,WDE4930,60,8,47,9,2.6,60,A
367359790,2022-03-31T17:00:09,29.09412,-89.94470,1.5,115.2,511.0,HORIZON RUNNER,IMO9384045,WDE4930,60,8,47,9,2.6,60,A
367359790,2022-03-31T17:01:29,29.09453,-89.94419,1.5,23.3,511.0,HORIZON RUNNER,IMO9384045,WDE4930,60,8,47,9,2.6,60,A
367359790,2022-03-31T17:02:37,29.09470,-89.94450,1.5,260.7,511.0,HORIZON RUNNER,IMO9384045,WDE4930,60,8,47,9,2.6,60,A
367359790,2022-03-31T17:03:58,29.09450,-89.94502,1.5,243.3,511.0,HORIZON RUNNER,IMO9384045,WDE4930,60,8,47,9,2.6,60,A
367359790,2022-03-31T17:05:19,29.09453,-89.94510,0.2,360.0,511.0,HORIZON RUNNER,IMO9384045,WDE4930,60,8,47,9,2.6,60,A
367359790,2022-03-31T17:06:37,29.09446,-89.94517,0.5,360.0,511.0,HORIZON RUNNER,IMO9384045,WDE4930,60,8,47,9,2.6,60,A
367359790,2022-03-31T17:07:48,29.09451,-89.94501,0.4,360.0,511.0,HORIZON RUNNER,IMO9384045,WDE4930,60,8,47,9,2.6,60,A
367359790,2022-03-31T17:09:19,29.09457,-89.94454,1.4,78.4,511.0,HORIZON RUNNER,IMO9384045,WDE4930,60,8,47,9,2.6,60,A
367359790,2022-03-31T17:11:07,29.09467,-89.94398,1.9,52.2,511.0,HORIZON RUNNER,IMO9384045,WDE4930,60,8,47,9,2.6,60,A
367359790,2022-03-31T17:12:48,29.09517,-89.94303,1.6,140.5,511.0,HORIZON RUNNER,IMO9384045,WDE4930,60,8,47,9,2.6,60,A
367359790,2022-03-31T17:15:48,29.09491,-89.94277,0.5,360.0,511.0,HORIZON RUNNER,IMO9384045,WDE4930,60,8,47,9,2.6,60,A
367359790,2022-03-31T17:17:27,29.09489,-89.94284,1.9,245.8,511.0,HORIZON RUNNER,IMO9384045,WDE4930,60,8,47,9,2.6,60,A
367359790,2022-03-31T17:18:38,29.09479,-89.94296,0.9,360.0,511.0,HORIZON RUNNER,IMO9384045,WDE4930,60,8,47,9,2.6,60,A
367359790,2022-03-31T17:19:58,29.09489,-89.94272,0.5,360.0,511.0,HORIZON RUNNER,IMO9384045,WDE4930,60,8,47,9,2.6,60,A
367359790,2022-03-31T17:21:09,29.09450,-89.94339,4.2,240.6,511.0,HORIZON RUNNER,IMO9384045,WDE4930,60,8,47,9,2.6,60,A
367359790,2022-03-31T17:22:14,29.09580,-89.94715,18.1,324.5,511.0,HORIZON RUNNER,IMO9384045,WDE4930,60,8,47,9,2.6,60,A
367359790,2022-03-31T17:23:20,29.10039,-89.95145,20.4,330.1,511.0,HORIZON RUNNER,IMO9384045,WDE4930,60,8,47,9,2.6,60,A
367359790,2022-03-31T17:24:32,29.10511,-89.95655,18.7,319.6,511.0,HORIZON RUNNER,IMO9384045,WDE4930,60,8,47,9,2.6,60,A
367359790,2022-03-31T17:25:51,29.11054,-89.96133,20.5,323.8,511.0,HORIZON RUNNER,IMO9384045,WDE4930,60,8,47,9,2.6,60,A
367359790,2022-03-31T17:27:08,29.11603,-89.96456,11.3,334.3,511.0,HORIZON RUNNER,IMO9384045,WDE4930,60,8,47,9,2.6,60,A
367359790,2022-03-31T17:28:15,29.11954,-89.96634,10.7,348.2,511.0,HORIZON RUNNER,IMO9384045,WDE4930,60,8,47,9,2.6,60,A
367359790,2022-03-31T17:29:20,29.12033,-89.96651,2.4,221.4,511.0,HORIZON RUNNER,IMO9384045,WDE4930,60,8,47,9,2.6,60,A
367359790,2022-03-31T17:30:32,29.12111,-89.96684,5.3,346.7,511.0,HORIZON RUNNER,IMO9384045,WDE4930,60,8,47,9,2.6,60,A
367359790,2022-03-31T17:31:38,29.12202,-89.96662,0.4,360.0,511.0,HORIZON RUNNER,IMO9384045,WDE4930,60,8,47,9,2.6,60,A
367359790,2022-03-31T17:32:39,29.12246,-89.96657,0.8,360.0,511.0,HORIZON RUNNER,IMO9384045,WDE4930,60,8,47,9,2.6,60,A
367359790,2022-03-31T17:33:49,29.12259,-89.96663,1.6,219.5,511.0,HORIZON RUNNER,IMO9384045,WDE4930,60,8,47,9,2.6,60,A
367359790,2022-03-31T17:35:17,29.11958,-89.96872,18.1,213.7,511.0,HORIZON RUNNER,IMO9384045,WDE4930,60,8,47,9,2.6,60,A
367359790,2022-03-31T19:20:01,29.12039,-89.96872,7.5,53.2,511.0,HORIZON RUNNER,IMO9384045,WDE4930,60,8,47,9,2.6,60,A
367359790,2022-03-31T19:21:08,29.12144,-89.96711,3.8,89.6,511.0,HORIZON RUNNER,IMO9384045,WDE4930,60,8,47,9,2.6,60,A
367359790,2022-03-31T19:22:15,29.12130,-89.96634,1.5,171.4,511.0,HORIZON RUNNER,IMO9384045,WDE4930,60,8,47,9,2.6,60,A
367359790,2022-03-31T19:23:25,29.12174,-89.96655,3.1,8.5,511.0,HORIZON RUNNER,IMO9384045,WDE4930,60,8,47,9,2.6,60,A
367359790,2022-03-31T19:24:56,29.12154,-89.96660,2.2,187.6,511.0,HORIZON RUNNER,IMO9384045,WDE4930,60,8,47,9,2.6,60,A
367359790,2022-03-31T19:26:06,29.12109,-89.96679,0.7,360.0,511.0,HORIZON RUNNER,IMO9384045,WDE4930,60,8,47,9,2.6,60,A
367359790,2022-03-31T19:27:15,29.12079,-89.96649,2.8,9.3,511.0,HORIZON RUNNER,IMO9384045,WDE4930,60,8,47,9,2.6,60,A
367359790,2022-03-31T19:28:45,29.12220,-89.96653,2.2,350.0,511.0,HORIZON RUNNER,IMO9384045,WDE4930,60,8,47,9,2.6,60,A
367359790,2022-03-31T19:30:06,29.12262,-89.96664,1.0,360.0,511.0,HORIZON RUNNER,IMO9384045,WDE4930,60,8,47,9,2.6,60,A
367359790,2022-03-31T19:31:16,29.12228,-89.96704,5.3,213.4,511.0,HORIZON RUNNER,IMO9384045,WDE4930,60,8,47,9,2.6,60,A
367359790,2022-03-31T19:32:26,29.12126,-89.96832,3.4,219.6,511.0,HORIZON RUNNER,IMO9384045,WDE4930,60,8,47,9,2.6,60,A
367359790,2022-03-31T19:33:45,29.12075,-89.96920,2.0,242.3,511.0,HORIZON RUNNER,IMO9384045,WDE4930,60,8,47,9,2.6,60,A
367359790,2022-03-31T19:41:43,29.10780,-89.96989,7.7,94.7,511.0,HORIZON RUNNER,IMO9384045,WDE4930,60,8,47,9,2.6,60,A
367359790,2022-03-31T19:42:52,29.10680,-89.96783,6.4,164.5,511.0,HORIZON RUNNER,IMO9384045,WDE4930,60,8,47,9,2.6,60,A
367359790,2022-03-31T20:03:39,29.10729,-89.96928,1.5,329.7,511.0,HORIZON RUNNER,IMO9384045,WDE4930,60,8,47,9,2.6,60,A
367359790,2022-03-31T20:04:58,29.10835,-89.96962,1.9,359.1,511.0,HORIZON RUNNER,IMO9384045,WDE4930,60,8,47,9,2.6,60,A
367359790,2022-03-31T20:06:39,29.10853,-89.96959,0.4,360.0,511.0,HORIZON RUNNER,IMO9384045,WDE4930,60,8,47,9,2.6,60,A
367359790,2022-03-31T20:07:58,29.10813,-89.96974,4.3,197.9,511.0,HORIZON RUNNER,IMO9384045,WDE4930,60,8,47,9,2.6,60,A
367359790,2022-03-31T20:12:22,29.10943,-89.96745,20.6,359.3,511.0,HORIZON RUNNER,IMO9384045,WDE4930,60,8,47,9,2.6,60,A
367359790,2022-03-31T20:13:24,29.11557,-89.96782,20.5,352.9,511.0,HORIZON RUNNER,IMO9384045,WDE4930,60,8,47,9,2.6,60,A
367359790,2022-03-31T20:14:26,29.12029,-89.96791,11.2,2.2,511.0,HORIZON RUNNER,IMO9384045,WDE4930,60,8,47,9,2.6,60,A
367359790,2022-03-31T20:15:28,29.12211,-89.96730,2.6,78.0,511.0,HORIZON RUNNER,IMO9384045,WDE4930,60,8,47,9,2.6,60,A
367359790,2022-03-31T20:16:36,29.12162,-89.96654,5.6,142.3,511.0,HORIZON RUNNER,IMO9384045,WDE4930,60,8,47,9,2.6,60,A
367359790,2022-03-31T20:17:44,29.12199,-89.96668,3.1,22.6,511.0,HORIZON RUNNER,IMO9384045,WDE4930,60,8,47,9,2.6,60,A
367359790,2022-03-31T20:19:05,29.12261,-89.96670,0.1,360.0,511.0,HORIZON RUNNER,IMO9384045,WDE4930,60,8,47,9,2.6,60,A
367359790,2022-03-31T20:20:15,29.12263,-89.96674,0.7,360.0,511.0,HORIZON RUNNER,IMO9384045,WDE4930,60,8,47,9,2.6,60,A
367359790,2022-03-31T20:21:16,29.12260,-89.96670,0.5,360.0,511.0,HORIZON RUNNER,IMO9384045,WDE4930,60,8,47,9,2.6,60,A
367359790,2022-03-31T20:22:25,29.12255,-89.96657,0.8,360.0,511.0,HORIZON RUNNER,IMO9384045,WDE4930,60,8,47,9,2.6,60,A
367359790,2022-03-31T20:23:36,29.12257,-89.96658,0.8,360.0,511.0,HORIZON RUNNER,IMO9384045,WDE4930,60,8,47,9,2.6,60,A
367359790,2022-03-31T20:24:46,29.12258,-89.96651,0.4,360.0,511.0,HORIZON RUNNER,IMO9384045,WDE4930,60,8,47,9,2.6,60,A
367359790,2022-03-31T20:26:16,29.12260,-89.96656,0.4,360.0,511.0,HORIZON RUNNER,IMO9384045,WDE4930,60,8,47,9,2.6,60,A
367359790,2022-03-31T20:27:26,29.12255,-89.96659,0.3,360.0,511.0,HORIZON RUNNER,IMO9384045,WDE4930,60,8,47,9,2.6,60,A
367359790,2022-03-31T20:29:06,29.12259,-89.96653,0.2,360.0,511.0,HORIZON RUNNER,IMO9384045,WDE4930,60,8,47,9,2.6,60,A
367359790,2022-03-31T20:30:16,29.12257,-89.96658,0.1,360.0,511.0,HORIZON RUNNER,IMO9384045,WDE4930,60,8,47,9,2.6,60,A
367359790,2022-03-31T20:31:26,29.12258,-89.96653,0.5,360.0,511.0,HORIZON RUNNER,IMO9384045,WDE4930,60,8,47,9,2.6,60,A
367359790,2022-03-31T20:32:35,29.12258,-89.96652,0.2,360.0,511.0,HORIZON RUNNER,IMO9384045,WDE4930,60,8,47,9,2.6,60,A
367359790,2022-03-31T20:33:46,29.12254,-89.96658,0.5,360.0,511.0,HORIZON RUNNER,IMO9384045,WDE4930,60,8,47,9,2.6,60,A
367359790,2022-03-31T20:35:06,29.12257,-89.96653,1.1,279.1,511.0,HORIZON RUNNER,IMO9384045,WDE4930,60,8,47,9,2.6,60,A
367359790,2022-03-31T20:36:15,29.12258,-89.96662,1.0,360.0,511.0,HORIZON RUNNER,IMO9384045,WDE4930,60,8,47,9,2.6,60,A
367359790,2022-03-31T20:37:25,29.12268,-89.96688,0.2,360.0,511.0,HORIZON RUNNER,IMO9384045,WDE4930,60,8,47,9,2.6,60,A
367359790,2022-03-31T20:38:55,29.12268,-89.96687,0.3,360.0,511.0,HORIZON RUNNER,IMO9384045,WDE4930,60,8,47,9,2.6,60,A
367359790,2022-03-31T20:40:55,29.12268,-89.96684,0.7,360.0,511.0,HORIZON RUNNER,IMO9384045,WDE4930,60,8,47,9,2.6,60,A
367359790,2022-03-31T20:42:06,29.12270,-89.96686,0.9,360.0,511.0,HORIZON RUNNER,IMO9384045,WDE4930,60,8,47,9,2.6,60,A
367359790,2022-03-31T20:43:55,29.12270,-89.96684,0.2,360.0,511.0,HORIZON RUNNER,IMO9384045,WDE4930,60,8,47,9,2.6,60,A
367359790,2022-03-31T20:45:25,29.12271,-89.96685,0.4,360.0,511.0,HORIZON RUNNER,IMO9384045,WDE4930,60,8,47,9,2.6,60,A
367359790,2022-03-31T20:47:14,29.12271,-89.96684,0.6,360.0,511.0,HORIZON RUNNER,IMO9384045,WDE4930,60,8,47,9,2.6,60,A
367359790,2022-03-31T20:48:45,29.12273,-89.96685,0.1,360.0,511.0,HORIZON RUNNER,IMO9384045,WDE4930,60,8,47,9,2.6,60,A
367359790,2022-03-31T20:50:45,29.12271,-89.96688,0.6,360.0,511.0,HORIZON RUNNER,IMO9384045,WDE4930,60,8,47,9,2.6,60,A
367359790,2022-03-31T20:52:06,29.12272,-89.96684,0.8,360.0,511.0,HORIZON RUNNER,IMO9384045,WDE4930,60,8,47,9,2.6,60,A
367359790,2022-03-31T20:53:45,29.12273,-89.96689,0.7,360.0,511.0,HORIZON RUNNER,IMO9384045,WDE4930,60,8,47,9,2.6,60,A
367359790,2022-03-31T20:55:06,29.12271,-89.96686,0.0,360.0,511.0,HORIZON RUNNER,IMO9384045,WDE4930,60,8,47,9,2.6,60,A
367359790,2022-03-31T20:56:14,29.12269,-89.96685,0.1,360.0,511.0,HORIZON RUNNER,IMO9384045,WDE4930,60,8,47,9,2.6,60,A
367359790,2022-03-31T20:57:15,29.12271,-89.96686,0.9,360.0,511.0,HORIZON RUNNER,IMO9384045,WDE4930,60,8,47,9,2.6,60,A
367359790,2022-03-31T20:58:16,29.12273,-89.96686,0.4,360.0,511.0,HORIZON RUNNER,IMO9384045,WDE4930,60,8,47,9,2.6,60,A
367359790,2022-03-31T20:59:25,29.12271,-89.96688,0.2,360.0,511.0,HORIZON RUNNER,IMO9384045,WDE4930,60,8,47,9,2.6,60,A
367359790,2022-03-31T21:00:45,29.12272,-89.96687,0.5,360.0,511.0,HORIZON RUNNER,IMO9384045,WDE4930,60,8,47,9,2.6,60,A
367359790,2022-03-31T21:02:16,29.12271,-89.96685,0.1,360.0,511.0,HORIZON RUNNER,IMO9384045,WDE4930,60,8,47,9,2.6,60,A
367359790,2022-03-31T21:03:36,29.12271,-89.96686,0.5,360.0,511.0,HORIZON RUNNER,IMO9384045,WDE4930,60,8,47,9,2.6,60,A
367359790,2022-03-31T21:04:45,29.12273,-89.96685,0.3,360.0,511.0,HORIZON RUNNER,IMO9384045,WDE4930,60,8,47,9,2.6,60,A
367359790,2022-03-31T21:05:55,29.12273,-89.96685,0.2,360.0,511.0,HORIZON RUNNER,IMO9384045,WDE4930,60,8,47,9,2.6,60,A
367359790,2022-03-31T21:07:06,29.12273,-89.96685,0.2,360.0,511.0,HORIZON RUNNER,IMO9384045,WDE4930,60,8,47,9,2.6,60,A
367359790,2022-03-31T21:08:15,29.12244,-89.96730,1.8,215.4,511.0,HORIZON RUNNER,IMO9384045,WDE4930,60,8,47,9,2.6,60,A
367359790,2022-03-31T21:09:25,29.12213,-89.96778,1.4,222.1,511.0,HORIZON RUNNER,IMO9384045,WDE4930,60,8,47,9,2.6,60,A
367359790,2022-03-31T21:10:36,29.12188,-89.96813,1.2,216.7,511.0,HORIZON RUNNER,IMO9384045,WDE4930,60,8,47,9,2.6,60,A
367359790,2022-03-31T21:11:46,29.12172,-89.96847,1.1,247.1,511.0,HORIZON RUNNER,IMO9384045,WDE4930,60,8,47,9,2.6,60,A
367359790,2022-03-31T21:13:05,29.12155,-89.96885,1.0,360.0,511.0,HORIZON RUNNER,IMO9384045,WDE4930,60,8,47,9,2.6,60,A
367359790,2022-03-31T21:14:16,29.12135,-89.96916,0.9,360.0,511.0,HORIZON RUNNER,IMO9384045,WDE4930,60,8,47,9,2.6,60,A
367359790,2022-03-31T21:15:26,29.12117,-89.96946,1.1,217.2,511.0,HORIZON RUNNER,IMO9384045,WDE4930,60,8,47,9,2.6,60,A
367359790,2022-03-31T21:16:55,29.12152,-89.96859,3.6,57.5,511.0,HORIZON RUNNER,IMO9384045,WDE4930,60,8,47,9,2.6,60,A
367359790,2022-03-31T21:18:05,29.12198,-89.96762,1.6,72.6,511.0,HORIZON RUNNER,IMO9384045,WDE4930,60,8,47,9,2.6,60,A
367359790,2022-03-31T21:19:06,29.12224,-89.96721,1.4,34.8,511.0,HORIZON RUNNER,IMO9384045,WDE4930,60,8,47,9,2.6,60,A
367359790,2022-03-31T21:20:55,29.12240,-89.96704,0.5,360.0,511.0,HORIZON RUNNER,IMO9384045,WDE4930,60,8,47,9,2.6,60,A
367359790,2022-03-31T21:22:06,29.12246,-89.96690,0.4,360.0,511.0,HORIZON RUNNER,IMO9384045,WDE4930,60,8,47,9,2.6,60,A
367359790,2022-03-31T21:23:46,29.12261,-89.96676,0.2,360.0,511.0,HORIZON RUNNER,IMO9384045,WDE4930,60,8,47,9,2.6,60,A
367359790,2022-03-31T21:24:55,29.12267,-89.96672,0.3,360.0,511.0,HORIZON RUNNER,IMO9384045,WDE4930,60,8,47,9,2.6,60,A
367359790,2022-03-31T21:25:56,29.12269,-89.96673,0.5,360.0,511.0,HORIZON RUNNER,IMO9384045,WDE4930,60,8,47,9,2.6,60,A
367359790,2022-03-31T21:27:06,29.12269,-89.96674,1.0,360.0,511.0,HORIZON RUNNER,IMO9384045,WDE4930,60,8,47,9,2.6,60,A
367359790,2022-03-31T21:28:46,29.12271,-89.96675,0.3,360.0,511.0,HORIZON RUNNER,IMO9384045,WDE4930,60,8,47,9,2.6,60,A
367359790,2022-03-31T21:29:55,29.12270,-89.96675,0.2,360.0,511.0,HORIZON RUNNER,IMO9384045,WDE4930,60,8,47,9,2.6,60,A
367359790,2022-03-31T21:31:56,29.12271,-89.96675,0.3,360.0,511.0,HORIZON RUNNER,IMO9384045,WDE4930,60,8,47,9,2.6,60,A
367359790,2022-03-31T21:33:05,29.12271,-89.96673,0.5,360.0,511.0,HORIZON RUNNER,IMO9384045,WDE4930,60,8,47,9,2.6,60,A
367359790,2022-03-31T21:34:16,29.12272,-89.96678,0.7,360.0,511.0,HORIZON RUNNER,IMO9384045,WDE4930,60,8,47,9,2.6,60,A
367359790,2022-03-31T21:36:26,29.12258,-89.96700,0.3,360.0,511.0,HORIZON RUNNER,IMO9384045,WDE4930,60,8,47,9,2.6,60,A
367359790,2022-03-31T21:38:26,29.12271,-89.96674,0.4,360.0,511.0,HORIZON RUNNER,IMO9384045,WDE4930,60,8,47,9,2.6,60,A
367359790,2022-03-31T21:39:45,29.12245,-89.96772,2.1,259.8,511.0,HORIZON RUNNER,IMO9384045,WDE4930,60,8,47,9,2.6,60,A
367359790,2022-03-31T21:40:55,29.12230,-89.96793,2.4,85.6,511.0,HORIZON RUNNER,IMO9384045,WDE4930,60,8,47,9,2.6,60,A
367359790,2022-03-31T21:42:05,29.12245,-89.96710,1.7,85.6,511.0,HORIZON RUNNER,IMO9384045,WDE4930,60,8,47,9,2.6,60,A
367359790,2022-03-31T21:43:15,29.12261,-89.96684,0.8,360.0,511.0,HORIZON RUNNER,IMO9384045,WDE4930,60,8,47,9,2.6,60,A
367359790,2022-03-31T21:44:55,29.12269,-89.96673,0.2,360.0,511.0,HORIZON RUNNER,IMO9384045,WDE4930,60,8,47,9,2.6,60,A
367359790,2022-03-31T21:46:05,29.12249,-89.96722,1.7,246.0,511.0,HORIZON RUNNER,IMO9384045,WDE4930,60,8,47,9,2.6,60,A
367359790,2022-03-31T21:47:15,29.12228,-89.96769,1.2,225.3,511.0,HORIZON RUNNER,IMO9384045,WDE4930,60,8,47,9,2.6,60,A
367359790,2022-03-31T21:48:25,29.12212,-89.96804,0.9,360.0,511.0,HORIZON RUNNER,IMO9384045,WDE4930,60,8,47,9,2.6,60,A
367359790,2022-03-31T21:49:35,29.12198,-89.96834,1.0,360.0,511.0,HORIZON RUNNER,IMO9384045,WDE4930,60,8,47,9,2.6,60,A
367359790,2022-03-31T21:50:36,29.12185,-89.96858,1.0,360.0,511.0,HORIZON RUNNER,IMO9384045,WDE4930,60,8,47,9,2.6,60,A
367359790,2022-03-31T21:51:45,29.12170,-89.96888,1.1,272.6,511.0,HORIZON RUNNER,IMO9384045,WDE4930,60,8,47,9,2.6,60,A
367359790,2022-03-31T21:53:05,29.12155,-89.96920,0.9,360.0,511.0,HORIZON RUNNER,IMO9384045,WDE4930,60,8,47,9,2.6,60,A
367359790,2022-03-31T21:54:36,29.12138,-89.96956,0.9,360.0,511.0,HORIZON RUNNER,IMO9384045,WDE4930,60,8,47,9,2.6,60,A
367359790,2022-03-31T21:55:45,29.12127,-89.96982,1.0,360.0,511.0,HORIZON RUNNER,IMO9384045,WDE4930,60,8,47,9,2.6,60,A
367359790,2022-04-01T03:11:10,29.13016,-89.96956,19.3,26.8,511.0,HORIZON RUNNER,IMO9384045,WDE4930,60,8,47,9,2.6,60,A
367359790,2022-04-01T03:12:16,29.13510,-89.96654,18.4,28.7,511.0,HORIZON RUNNER,IMO9384045,WDE4930,60,8,47,9,2.6,60,A
367359790,2022-04-01T03:13:28,29.14034,-89.96289,19.8,35.9,511.0,HORIZON RUNNER,IMO9384045,WDE4930,60,8,47,9,2.6,60,A
367359790,2022-04-01T03:14:39,29.14493,-89.95813,19.1,37.7,511.0,HORIZON RUNNER,IMO9384045,WDE4930,60,8,47,9,2.6,60,A
367359790,2022-04-01T03:15:40,29.14980,-89.95643,19.2,13.1,511.0,HORIZON RUNNER,IMO9384045,WDE4930,60,8,47,9,2.6,60,A
367359790,2022-04-01T03:16:46,29.15404,-89.95375,8.3,48.4,511.0,HORIZON RUNNER,IMO9384045,WDE4930,60,8,47,9,2.6,60,A
367359790,2022-04-01T03:17:52,29.15521,-89.95191,7.6,41.7,511.0,HORIZON RUNNER,IMO9384045,WDE4930,60,8,47,9,2.6,60,A
367359790,2022-04-01T03:19:04,29.15770,-89.95108,8.4,6.3,511.0,HORIZON RUNNER,IMO9384045,WDE4930,60,8,47,9,2.6,60,A
367359790,2022-04-01T03:20:10,29.16009,-89.94982,11.0,33.2,511.0,HORIZON RUNNER,IMO9384045,WDE4930,60,8,47,9,2.6,60,A
367359790,2022-04-01T03:21:24,29.16376,-89.94780,13.2,19.8,511.0,HORIZON RUNNER,IMO9384045,WDE4930,60,8,47,9,2.6,60,A
367359790,2022-04-01T03:22:26,29.16750,-89.94632,14.6,18.2,511.0,HORIZON RUNNER,IMO9384045,WDE4930,60,8,47,9,2.6,60,A
367359790,2022-04-01T03:23:27,29.17216,-89.94431,17.8,22.0,511.0,HORIZON RUNNER,IMO9384045,WDE4930,60,8,47,9,2.6,60,A
367359790,2022-04-01T03:24:32,29.17722,-89.94175,18.1,27.5,511.0,HORIZON RUNNER,IMO9384045,WDE4930,60,8,47,9,2.6,60,A
367359790,2022-04-01T03:25:38,29.18206,-89.93888,18.0,31.6,511.0,HORIZON RUNNER,IMO9384045,WDE4930,60,8,47,9,2.6,60,A
367359790,2022-04-01T03:26:44,29.18678,-89.93566,18.4,29.1,511.0,HORIZON RUNNER,IMO9384045,WDE4930,60,8,47,9,2.6,60,A
367359790,2022-04-01T03:27:56,29.19159,-89.93170,17.4,35.7,511.0,HORIZON RUNNER,IMO9384045,WDE4930,60,8,47,9,2.6,60,A
366866280,2022-04-01T08:21:29,29.18702,-89.93719,16.9,219.4,511.0,AMETHYST,IMO9269817,WDA9537,60,0,47,9,,60,A
366866280,2022-04-01T08:22:48,29.18251,-89.94195,16.7,221.5,511.0,AMETHYST,IMO9269817,WDA9537,60,0,47,9,,60,A
366866280,2022-04-01T08:24:00,29.17841,-89.94642,17.1,222.1,511.0,AMETHYST,IMO9269817,WDA9537,60,0,47,9,,60,A
366866280,2022-04-01T08:25:24,29.17360,-89.95165,17.2,220.9,511.0,AMETHYST,IMO9269817,WDA9537,60,0,47,9,,60,A
366866280,2022-04-01T08:26:59,29.16826,-89.95783,17.1,224.8,511.0,AMETHYST,IMO9269817,WDA9537,60,0,47,9,,60,A
366866280,2022-04-01T08:28:00,29.16481,-89.96157,17.3,223.4,511.0,AMETHYST,IMO9269817,WDA9537,60,0,47,9,,60,A
366866280,2022-04-01T08:29:06,29.16071,-89.96530,17.4,215.7,511.0,AMETHYST,IMO9269817,WDA9537,60,0,47,9,,60,A
366866280,2022-04-01T08:30:12,29.15639,-89.96877,17.5,214.0,511.0,AMETHYST,IMO9269817,WDA9537,60,0,47,9,,60,A
368225760,2022-04-01T08:53:56,29.18755,-89.85061,19.0,133.0,132.0,JOSEPH G,IMO9646857,WDM6497,60,0,45,9,2.2,60,A
368225760,2022-04-01T08:55:11,29.18319,-89.84526,18.9,121.9,118.0,JOSEPH G,IMO9646857,WDM6497,60,0,45,9,2.2,60,A
368225760,2022-04-01T08:56:46,29.17829,-89.83761,18.9,128.6,122.0,JOSEPH G,IMO9646857,WDM6497,60,0,45,9,2.2,60,A
368225760,2022-04-01T08:58:16,29.17312,-89.83076,18.9,125.3,119.0,JOSEPH G,IMO9646857,WDM6497,60,0,45,9,2.2,60,A
368225760,2022-04-01T08:59:28,29.16985,-89.82630,13.5,125.3,121.0,JOSEPH G,IMO9646857,WDM6497,60,0,45,9,2.2,60,A
368225760,2022-04-01T09:01:04,29.16580,-89.82095,13.6,132.6,123.0,JOSEPH G,IMO9646857,WDM6497,60,0,45,9,2.2,60,A
368225760,2022-04-01T09:02:28,29.16232,-89.81644,13.7,133.2,122.0,JOSEPH G,IMO9646857,WDM6497,60,0,45,9,2.2,60,A
368225760,2022-04-01T09:04:11,29.15798,-89.81067,17.0,135.4,125.0,JOSEPH G,IMO9646857,WDM6497,60,0,45,9,2.2,60,A
368225760,2022-04-01T09:05:22,29.15325,-89.80631,18.6,145.4,134.0,JOSEPH G,IMO9646857,WDM6497,60,0,45,9,2.2,60,A
368225760,2022-04-01T09:06:26,29.14915,-89.80225,18.6,149.7,147.0,JOSEPH G,IMO9646857,WDM6497,60,0,45,9,2.2,60,A
367359790,2022-04-01T11:02:16,29.19004,-89.92644,17.3,203.4,511.0,HORIZON RUNNER,IMO9384045,WDE4930,60,8,47,9,2.6,60,A
367359790,2022-04-01T11:03:33,29.18413,-89.92919,17.6,204.5,511.0,HORIZON RUNNER,IMO9384045,WDE4930,60,8,47,9,2.6,60,A
367359790,2022-04-01T11:04:34,29.17954,-89.93134,17.8,204.6,511.0,HORIZON RUNNER,IMO9384045,WDE4930,60,8,47,9,2.6,60,A
367359790,2022-04-01T11:05:46,29.17394,-89.93407,18.1,204.5,511.0,HORIZON RUNNER,IMO9384045,WDE4930,60,8,47,9,2.6,60,A
367359790,2022-04-01T11:06:52,29.16892,-89.93671,18.0,202.6,511.0,HORIZON RUNNER,IMO9384045,WDE4930,60,8,47,9,2.6,60,A
367359790,2022-04-01T11:07:57,29.16394,-89.93923,18.0,204.2,511.0,HORIZON RUNNER,IMO9384045,WDE4930,60,8,47,9,2.6,60,A
367359790,2022-04-01T11:09:04,29.15880,-89.94183,18.3,199.8,511.0,HORIZON RUNNER,IMO9384045,WDE4930,60,8,47,9,2.6,60,A
367359790,2022-04-01T11:10:10,29.15382,-89.94448,18.3,208.1,511.0,HORIZON RUNNER,IMO9384045,WDE4930,60,8,47,9,2.6,60,A
367359790,2022-04-01T11:11:28,29.14783,-89.94763,18.2,202.4,511.0,HORIZON RUNNER,IMO9384045,WDE4930,60,8,47,9,2.6,60,A
367359790,2022-04-01T11:12:33,29.14274,-89.95025,18.3,207.4,511.0,HORIZON RUNNER,IMO9384045,WDE4930,60,8,47,9,2.6,60,A
367359790,2022-04-01T11:13:39,29.13776,-89.95329,18.5,212.3,511.0,HORIZON RUNNER,IMO9384045,WDE4930,60,8,47,9,2.6,60,A
367359790,2022-04-01T11:14:40,29.13320,-89.95600,18.1,206.1,511.0,HORIZON RUNNER,IMO9384045,WDE4930,60,8,47,9,2.6,60,A
367359790,2022-04-01T11:15:46,29.12830,-89.95944,18.5,211.8,511.0,HORIZON RUNNER,IMO9384045,WDE4930,60,8,47,9,2.6,60,A
367359790,2022-04-01T11:16:52,29.12354,-89.96316,19.0,221.7,511.0,HORIZON RUNNER,IMO9384045,WDE4930,60,8,47,9,2.6,60,A
367359790,2022-04-01T11:17:57,29.11879,-89.96679,18.8,213.2,511.0,HORIZON RUNNER,IMO9384045,WDE4930,60,8,47,9,2.6,60,A
367359790,2022-04-01T11:51:01,29.12040,-89.96925,9.2,30.9,511.0,HORIZON RUNNER,IMO9384045,WDE4930,60,8,47,9,2.6,60,A
367359790,2022-04-01T11:52:03,29.12199,-89.96770,5.2,54.0,511.0,HORIZON RUNNER,IMO9384045,WDE4930,60,8,47,9,2.6,60,A
367359790,2022-04-01T11:53:23,29.12243,-89.96594,3.6,93.5,511.0,HORIZON RUNNER,IMO9384045,WDE4930,60,8,47,9,2.6,60,A
367359790,2022-04-01T11:54:34,29.12218,-89.96619,2.1,241.5,511.0,HORIZON RUNNER,IMO9384045,WDE4930,60,8,47,9,2.6,60,A
367359790,2022-04-01T11:55:53,29.12216,-89.96665,1.2,306.8,511.0,HORIZON RUNNER,IMO9384045,WDE4930,60,8,47,9,2.6,60,A
367359790,2022-04-01T11:57:03,29.12246,-89.96683,0.4,360.0,511.0,HORIZON RUNNER,IMO9384045,WDE4930,60,8,47,9,2.6,60,A
367359790,2022-04-01T11:58:13,29.12256,-89.96682,0.4,360.0,511.0,HORIZON RUNNER,IMO9384045,WDE4930,60,8,47,9,2.6,60,A
367359790,2022-04-01T11:59:34,29.12238,-89.96691,0.1,360.0,511.0,HORIZON RUNNER,IMO9384045,WDE4930,60,8,47,9,2.6,60,A
367359790,2022-04-01T12:00:03,29.12244,-89.96682,1.9,40.8,511.0,HORIZON RUNNER,IMO9384045,WDE4930,60,8,47,9,2.6,60,A
367359790,2022-04-01T12:01:33,29.12259,-89.96672,0.8,360.0,511.0,HORIZON RUNNER,IMO9384045,WDE4930,60,8,47,9,2.6,60,A
367359790,2022-04-01T12:02:43,29.12259,-89.96674,0.4,360.0,511.0,HORIZON RUNNER,IMO9384045,WDE4930,60,8,47,9,2.6,60,A
367359790,2022-04-01T12:03:54,29.12263,-89.96674,0.0,360.0,511.0,HORIZON RUNNER,IMO9384045,WDE4930,60,8,47,9,2.6,60,A
367359790,2022-04-01T12:05:13,29.12256,-89.96682,1.2,235.0,511.0,HORIZON RUNNER,IMO9384045,WDE4930,60,8,47,9,2.6,60,A
367359790,2022-04-01T12:06:23,29.12259,-89.96679,0.0,360.0,511.0,HORIZON RUNNER,IMO9384045,WDE4930,60,8,47,9,2.6,60,A
367359790,2022-04-01T12:07:32,29.12263,-89.96676,0.1,360.0,511.0,HORIZON RUNNER,IMO9384045,WDE4930,60,8,47,9,2.6,60,A
367359790,2022-04-01T12:08:54,29.12261,-89.96677,0.2,360.0,511.0,HORIZON RUNNER,IMO9384045,WDE4930,60,8,47,9,2.6,60,A
367359790,2022-04-01T12:10:02,29.12248,-89.96693,0.2,360.0,511.0,HORIZON RUNNER,IMO9384045,WDE4930,60,8,47,9,2.6,60,A
367359790,2022-04-01T12:11:13,29.12230,-89.96714,0.5,360.0,511.0,HORIZON RUNNER,IMO9384045,WDE4930,60,8,47,9,2.6,60,A
367359790,2022-04-01T12:12:44,29.12265,-89.96680,0.7,360.0,511.0,HORIZON RUNNER,IMO9384045,WDE4930,60,8,47,9,2.6,60,A
367359790,2022-04-01T12:13:54,29.12261,-89.96675,0.3,360.0,511.0,HORIZON RUNNER,IMO9384045,WDE4930,60,8,47,9,2.6,60,A
367359790,2022-04-01T12:15:02,29.12268,-89.96677,0.4,360.0,511.0,HORIZON RUNNER,IMO9384045,WDE4930,60,8,47,9,2.6,60,A
367359790,2022-04-01T12:16:13,29.12267,-89.96675,0.1,360.0,511.0,HORIZON RUNNER,IMO9384045,WDE4930,60,8,47,9,2.6,60,A
367359790,2022-04-01T12:17:23,29.12267,-89.96673,0.1,360.0,511.0,HORIZON RUNNER,IMO9384045,WDE4930,60,8,47,9,2.6,60,A
367359790,2022-04-01T12:18:42,29.12256,-89.96685,0.3,360.0,511.0,HORIZON RUNNER,IMO9384045,WDE4930,60,8,47,9,2.6,60,A
367359790,2022-04-01T12:19:54,29.12263,-89.96679,0.1,360.0,511.0,HORIZON RUNNER,IMO9384045,WDE4930,60,8,47,9,2.6,60,A
367359790,2022-04-01T12:21:04,29.12267,-89.96673,0.2,360.0,511.0,HORIZON RUNNER,IMO9384045,WDE4930,60,8,47,9,2.6,60,A
367359790,2022-04-01T12:22:23,29.12264,-89.96680,1.0,360.0,511.0,HORIZON RUNNER,IMO9384045,WDE4930,60,8,47,9,2.6,60,A
367359790,2022-04-01T12:23:34,29.12258,-89.96689,0.4,360.0,511.0,HORIZON RUNNER,IMO9384045,WDE4930,60,8,47,9,2.6,60,A
367359790,2022-04-01T12:25:04,29.12260,-89.96684,0.4,360.0,511.0,HORIZON RUNNER,IMO9384045,WDE4930,60,8,47,9,2.6,60,A
367359790,2022-04-01T12:26:12,29.12260,-89.96682,0.3,360.0,511.0,HORIZON RUNNER,IMO9384045,WDE4930,60,8,47,9,2.6,60,A
367359790,2022-04-01T12:27:13,29.12251,-89.96691,0.1,360.0,511.0,HORIZON RUNNER,IMO9384045,WDE4930,60,8,47,9,2.6,60,A
367359790,2022-04-01T12:28:23,29.12257,-89.96686,0.7,360.0,511.0,HORIZON RUNNER,IMO9384045,WDE4930,60,8,47,9,2.6,60,A
367359790,2022-04-01T12:29:24,29.12264,-89.96678,0.3,360.0,511.0,HORIZON RUNNER,IMO9384045,WDE4930,60,8,47,9,2.6,60,A
367359790,2022-04-01T12:30:34,29.12259,-89.96682,0.4,360.0,511.0,HORIZON RUNNER,IMO9384045,WDE4930,60,8,47,9,2.6,60,A
367359790,2022-04-01T12:32:24,29.12329,-89.96713,2.9,8.6,511.0,HORIZON RUNNER,IMO9384045,WDE4930,60,8,47,9,2.6,60,A
367359790,2022-04-01T12:33:44,29.12379,-89.96614,2.1,115.1,511.0,HORIZON RUNNER,IMO9384045,WDE4930,60,8,47,9,2.6,60,A
367359790,2022-04-01T12:34:53,29.12360,-89.96620,0.8,360.0,511.0,HORIZON RUNNER,IMO9384045,WDE4930,60,8,47,9,2.6,60,A
367359790,2022-04-01T12:36:03,29.12341,-89.96605,0.6,360.0,511.0,HORIZON RUNNER,IMO9384045,WDE4930,60,8,47,9,2.6,60,A
367359790,2022-04-01T12:37:14,29.12342,-89.96583,1.4,40.0,511.0,HORIZON RUNNER,IMO9384045,WDE4930,60,8,47,9,2.6,60,A
367359790,2022-04-01T12:38:24,29.12351,-89.96594,1.1,249.9,511.0,HORIZON RUNNER,IMO9384045,WDE4930,60,8,47,9,2.6,60,A
367359790,2022-04-01T12:39:33,29.12338,-89.96617,0.5,360.0,511.0,HORIZON RUNNER,IMO9384045,WDE4930,60,8,47,9,2.6,60,A
367359790,2022-04-01T12:40:43,29.12344,-89.96620,0.4,360.0,511.0,HORIZON RUNNER,IMO9384045,WDE4930,60,8,47,9,2.6,60,A
367359790,2022-04-01T12:42:03,29.12341,-89.96616,0.3,360.0,511.0,HORIZON RUNNER,IMO9384045,WDE4930,60,8,47,9,2.6,60,A
367359790,2022-04-01T12:43:13,29.12340,-89.96619,0.1,360.0,511.0,HORIZON RUNNER,IMO9384045,WDE4930,60,8,47,9,2.6,60,A
367359790,2022-04-01T12:44:33,29.12340,-89.96619,0.2,360.0,511.0,HORIZON RUNNER,IMO9384045,WDE4930,60,8,47,9,2.6,60,A
367359790,2022-04-01T12:45:43,29.12339,-89.96622,0.4,360.0,511.0,HORIZON RUNNER,IMO9384045,WDE4930,60,8,47,9,2.6,60,A
367359790,2022-04-01T12:46:53,29.12349,-89.96603,0.8,360.0,511.0,HORIZON RUNNER,IMO9384045,WDE4930,60,8,47,9,2.6,60,A
367359790,2022-04-01T12:48:03,29.12343,-89.96614,0.5,360.0,511.0,HORIZON RUNNER,IMO9384045,WDE4930,60,8,47,9,2.6,60,A
367359790,2022-04-01T12:49:13,29.12339,-89.96617,0.1,360.0,511.0,HORIZON RUNNER,IMO9384045,WDE4930,60,8,47,9,2.6,60,A
367359790,2022-04-01T12:50:14,29.12341,-89.96616,0.1,360.0,511.0,HORIZON RUNNER,IMO9384045,WDE4930,60,8,47,9,2.6,60,A
367359790,2022-04-01T12:51:24,29.12339,-89.96615,0.2,360.0,511.0,HORIZON RUNNER,IMO9384045,WDE4930,60,8,47,9,2.6,60,A
367359790,2022-04-01T12:52:32,29.12339,-89.96616,0.4,360.0,511.0,HORIZON RUNNER,IMO9384045,WDE4930,60,8,47,9,2.6,60,A
367359790,2022-04-01T12:53:42,29.12343,-89.96613,0.1,360.0,511.0,HORIZON RUNNER,IMO9384045,WDE4930,60,8,47,9,2.6,60,A
367359790,2022-04-01T12:54:43,29.12339,-89.96618,0.2,360.0,511.0,HORIZON RUNNER,IMO9384045,WDE4930,60,8,47,9,2.6,60,A
367359790,2022-04-01T12:55:54,29.12345,-89.96612,0.6,360.0,511.0,HORIZON RUNNER,IMO9384045,WDE4930,60,8,47,9,2.6,60,A
367359790,2022-04-01T12:57:03,29.12351,-89.96612,0.2,360.0,511.0,HORIZON RUNNER,IMO9384045,WDE4930,60,8,47,9,2.6,60,A
367359790,2022-04-01T12:58:13,29.12347,-89.96619,0.1,360.0,511.0,HORIZON RUNNER,IMO9384045,WDE4930,60,8,47,9,2.6,60,A
367359790,2022-04-01T12:59:22,29.12345,-89.96609,0.3,360.0,511.0,HORIZON RUNNER,IMO9384045,WDE4930,60,8,47,9,2.6,60,A
367359790,2022-04-01T13:00:03,29.12342,-89.96614,0.3,360.0,511.0,HORIZON RUNNER,IMO9384045,WDE4930,60,8,47,9,2.6,60,A
367359790,2022-04-01T13:01:12,29.12342,-89.96618,0.2,360.0,511.0,HORIZON RUNNER,IMO9384045,WDE4930,60,8,47,9,2.6,60,A
367359790,2022-04-01T13:02:23,29.12338,-89.96619,0.3,360.0,511.0,HORIZON RUNNER,IMO9384045,WDE4930,60,8,47,9,2.6,60,A
367359790,2022-04-01T13:03:34,29.12349,-89.96602,2.5,35.9,511.0,HORIZON RUNNER,IMO9384045,WDE4930,60,8,47,9,2.6,60,A
367359790,2022-04-01T13:04:44,29.12367,-89.96583,0.2,360.0,511.0,HORIZON RUNNER,IMO9384045,WDE4930,60,8,47,9,2.6,60,A
367359790,2022-04-01T13:05:54,29.12348,-89.96603,0.3,360.0,511.0,HORIZON RUNNER,IMO9384045,WDE4930,60,8,47,9,2.6,60,A
367359790,2022-04-01T13:07:12,29.12348,-89.96608,0.2,360.0,511.0,HORIZON RUNNER,IMO9384045,WDE4930,60,8,47,9,2.6,60,A
367359790,2022-04-01T13:08:23,29.12340,-89.96618,0.1,360.0,511.0,HORIZON RUNNER,IMO9384045,WDE4930,60,8,47,9,2.6,60,A
367359790,2022-04-01T13:10:12,29.12356,-89.96670,2.3,269.3,511.0,HORIZON RUNNER,IMO9384045,WDE4930,60,8,47,9,2.6,60,A
367359790,2022-04-01T13:11:23,29.12357,-89.96720,1.4,345.7,511.0,HORIZON RUNNER,IMO9384045,WDE4930,60,8,47,9,2.6,60,A
367359790,2022-04-01T13:12:33,29.12359,-89.96633,4.1,105.3,511.0,HORIZON RUNNER,IMO9384045,WDE4930,60,8,47,9,2.6,60,A
367359790,2022-04-01T13:13:43,29.12352,-89.96589,0.5,360.0,511.0,HORIZON RUNNER,IMO9384045,WDE4930,60,8,47,9,2.6,60,A
367359790,2022-04-01T13:14:44,29.12348,-89.96604,0.1,360.0,511.0,HORIZON RUNNER,IMO9384045,WDE4930,60,8,47,9,2.6,60,A
367359790,2022-04-01T13:16:03,29.12343,-89.96610,0.2,360.0,511.0,HORIZON RUNNER,IMO9384045,WDE4930,60,8,47,9,2.6,60,A
367359790,2022-04-01T13:17:22,29.12342,-89.96614,0.2,360.0,511.0,HORIZON RUNNER,IMO9384045,WDE4930,60,8,47,9,2.6,60,A
367359790,2022-04-01T13:18:33,29.12340,-89.96618,0.2,360.0,511.0,HORIZON RUNNER,IMO9384045,WDE4930,60,8,47,9,2.6,60,A
367359790,2022-04-01T13:19:34,29.12362,-89.96608,1.2,6.3,511.0,HORIZON RUNNER,IMO9384045,WDE4930,60,8,47,9,2.6,60,A
367359790,2022-04-01T13:20:44,29.12425,-89.96825,11.6,238.0,511.0,HORIZON RUNNER,IMO9384045,WDE4930,60,8,47,9,2.6,60,A
367359790,2022-04-01T14:27:06,29.12233,-89.96820,8.5,70.9,511.0,HORIZON RUNNER,IMO9384045,WDE4930,60,8,47,9,2.6,60,A
367359790,2022-04-01T14:28:12,29.12234,-89.96717,1.7,228.8,511.0,HORIZON RUNNER,IMO9384045,WDE4930,60,8,47,9,2.6,60,A
367359790,2022-04-01T14:29:17,29.12253,-89.96733,1.7,45.1,511.0,HORIZON RUNNER,IMO9384045,WDE4930,60,8,47,9,2.6,60,A
367359790,2022-04-01T14:30:36,29.12271,-89.96686,0.9,360.0,511.0,HORIZON RUNNER,IMO9384045,WDE4930,60,8,47,9,2.6,60,A
367359790,2022-04-01T14:31:45,29.12277,-89.96682,0.2,360.0,511.0,HORIZON RUNNER,IMO9384045,WDE4930,60,8,47,9,2.6,60,A
367359790,2022-04-01T14:32:57,29.12277,-89.96683,0.2,360.0,511.0,HORIZON RUNNER,IMO9384045,WDE4930,60,8,47,9,2.6,60,A
367359790,2022-04-01T14:34:45,29.12276,-89.96690,3.0,258.8,511.0,HORIZON RUNNER,IMO9384045,WDE4930,60,8,47,9,2.6,60,A
367359790,2022-04-01T14:35:55,29.12058,-89.96847,13.1,192.1,511.0,HORIZON RUNNER,IMO9384045,WDE4930,60,8,47,9,2.6,60,A
367359790,2022-04-01T14:37:06,29.11630,-89.96947,13.3,190.7,511.0,HORIZON RUNNER,IMO9384045,WDE4930,60,8,47,9,2.6,60,A
367359790,2022-04-01T14:43:05,29.10918,-89.96996,1.1,43.8,511.0,HORIZON RUNNER,IMO9384045,WDE4930,60,8,47,9,2.6,60,A
367359790,2022-04-01T14:44:26,29.10921,-89.96975,0.8,360.0,511.0,HORIZON RUNNER,IMO9384045,WDE4930,60,8,47,9,2.6,60,A
367359790,2022-04-01T14:45:45,29.10914,-89.96973,0.3,360.0,511.0,HORIZON RUNNER,IMO9384045,WDE4930,60,8,47,9,2.6,60,A
367359790,2022-04-01T14:47:06,29.10912,-89.96983,0.2,360.0,511.0,HORIZON RUNNER,IMO9384045,WDE4930,60,8,47,9,2.6,60,A
367359790,2022-04-01T14:48:26,29.10918,-89.96973,0.4,360.0,511.0,HORIZON RUNNER,IMO9384045,WDE4930,60,8,47,9,2.6,60,A
367359790,2022-04-01T14:49:37,29.10916,-89.96972,0.5,360.0,511.0,HORIZON RUNNER,IMO9384045,WDE4930,60,8,47,9,2.6,60,A
367359790,2022-04-01T14:51:55,29.10713,-89.96822,13.9,122.6,511.0,HORIZON RUNNER,IMO9384045,WDE4930,60,8,47,9,2.6,60,A
367359790,2022-04-01T14:52:59,29.10473,-89.96437,14.0,123.7,511.0,HORIZON RUNNER,IMO9384045,WDE4930,60,8,47,9,2.6,60,A
367359790,2022-04-01T14:54:17,29.10190,-89.95948,13.7,119.3,511.0,HORIZON RUNNER,IMO9384045,WDE4930,60,8,47,9,2.6,60,A
367359790,2022-04-01T14:55:23,29.09983,-89.95517,14.0,122.5,511.0,HORIZON RUNNER,IMO9384045,WDE4930,60,8,47,9,2.6,60,A
367359790,2022-04-01T14:56:29,29.09764,-89.95105,14.2,122.5,511.0,HORIZON RUNNER,IMO9384045,WDE4930,60,8,47,9,2.6,60,A
367359790,2022-04-01T14:57:34,29.09571,-89.94670,13.7,112.7,511.0,HORIZON RUNNER,IMO9384045,WDE4930,60,8,47,9,2.6,60,A
367359790,2022-04-01T14:58:41,29.09470,-89.94361,5.7,102.1,511.0,HORIZON RUNNER,IMO9384045,WDE4930,60,8,47,9,2.6,60,A
367359790,2022-04-01T14:59:47,29.09433,-89.94310,1.5,300.9,511.0,HORIZON RUNNER,IMO9384045,WDE4930,60,8,47,9,2.6,60,A
367359790,2022-04-01T15:00:17,29.09453,-89.94323,2.3,3.5,511.0,HORIZON RUNNER,IMO9384045,WDE4930,60,8,47,9,2.6,60,A
367359790,2022-04-01T15:01:29,29.09493,-89.94278,0.7,360.0,511.0,HORIZON RUNNER,IMO9384045,WDE4930,60,8,47,9,2.6,60,A
367359790,2022-04-01T15:02:43,29.09489,-89.94329,7.6,274.5,511.0,HORIZON RUNNER,IMO9384045,WDE4930,60,8,47,9,2.6,60,A
367359790,2022-04-01T15:03:53,29.09781,-89.94392,16.1,35.2,511.0,HORIZON RUNNER,IMO9384045,WDE4930,60,8,47,9,2.6,60,A
367359790,2022-04-01T15:05:00,29.10212,-89.94068,17.2,25.3,511.0,HORIZON RUNNER,IMO9384045,WDE4930,60,8,47,9,2.6,60,A
367359790,2022-04-01T15:06:11,29.10714,-89.93768,17.0,26.4,511.0,HORIZON RUNNER,IMO9384045,WDE4930,60,8,47,9,2.6,60,A
367359790,2022-04-01T15:07:17,29.11147,-89.93440,16.7,32.1,511.0,HORIZON RUNNER,IMO9384045,WDE4930,60,8,47,9,2.6,60,A
367359790,2022-04-01T15:08:23,29.11588,-89.93141,16.9,32.2,511.0,HORIZON RUNNER,IMO9384045,WDE4930,60,8,47,9,2.6,60,A
367359790,2022-04-01T15:09:35,29.12046,-89.92748,16.9,36.7,511.0,HORIZON RUNNER,IMO9384045,WDE4930,60,8,47,9,2.6,60,A
367359790,2022-04-01T15:10:36,29.12435,-89.92446,16.9,29.8,511.0,HORIZON RUNNER,IMO9384045,WDE4930,60,8,47,9,2.6,60,A
367359790,2022-04-01T15:11:41,29.12871,-89.92122,16.7,34.0,511.0,HORIZON RUNNER,IMO9384045,WDE4930,60,8,47,9,2.6,60,A
367359790,2022-04-01T15:12:42,29.13255,-89.91809,17.3,36.4,511.0,HORIZON RUNNER,IMO9384045,WDE4930,60,8,47,9,2.6,60,A
367359790,2022-04-01T15:13:47,29.13676,-89.91477,16.9,41.7,511.0,HORIZON RUNNER,IMO9384045,WDE4930,60,8,47,9,2.6,60,A
367359790,2022-04-01T15:14:53,29.14099,-89.91118,17.3,41.1,511.0,HORIZON RUNNER,IMO9384045,WDE4930,60,8,47,9,2.6,60,A
367359790,2022-04-01T15:15:54,29.14466,-89.90781,16.9,39.3,511.0,HORIZON RUNNER,IMO9384045,WDE4930,60,8,47,9,2.6,60,A
367359790,2022-04-01T15:16:58,29.14844,-89.90388,16.6,44.4,511.0,HORIZON RUNNER,IMO9384045,WDE4930,60,8,47,9,2.6,60,A
367359790,2022-04-01T15:17:59,29.15209,-89.90046,16.4,41.6,511.0,HORIZON RUNNER,IMO9384045,WDE4930,60,8,47,9,2.6,60,A
367359790,2022-04-01T15:19:05,29.15585,-89.89637,16.9,38.0,511.0,HORIZON RUNNER,IMO9384045,WDE4930,60,8,47,9,2.6,60,A
367359790,2022-04-01T15:20:17,29.16022,-89.89219,17.2,44.4,511.0,HORIZON RUNNER,IMO9384045,WDE4930,60,8,47,9,2.6,60,A
367109110,2022-04-01T15:21:04,29.06968,-89.80251,6.8,275.1,280.0,STONE EXPLORER,,WDC9954,31,0,28,9,,57,A
367359790,2022-04-01T15:21:23,29.16430,-89.88836,16.8,36.7,511.0,HORIZON RUNNER,IMO9384045,WDE4930,60,8,47,9,2.6,60,A
367109110,2022-04-01T15:22:14,29.06985,-89.80504,6.9,273.9,276.0,STONE EXPLORER,,WDC9954,31,0,28,9,,57,A
367359790,2022-04-01T15:22:29,29.16827,-89.88461,16.9,40.7,511.0,HORIZON RUNNER,IMO9384045,WDE4930,60,8,47,9,2.6,60,A
367109110,2022-04-01T15:23:23,29.06988,-89.80759,6.8,272.2,271.0,STONE EXPLORER,,WDC9954,31,0,28,9,,57,A
367359790,2022-04-01T15:23:35,29.17226,-89.88066,17.0,42.2,511.0,HORIZON RUNNER,IMO9384045,WDE4930,60,8,47,9,2.6,60,A
367359790,2022-04-01T15:24:41,29.17569,-89.87649,12.1,53.7,511.0,HORIZON RUNNER,IMO9384045,WDE4930,60,8,47,9,2.6,60,A
367359790,2022-04-01T15:25:47,29.17622,-89.87498,1.6,159.3,511.0,HORIZON RUNNER,IMO9384045,WDE4930,60,8,47,9,2.6,60,A
367109110,2022-04-01T15:26:04,29.06988,-89.81373,7.2,271.6,272.0,STONE EXPLORER,,WDC9954,31,0,28,9,,57,A
367359790,2022-04-01T15:26:53,29.17674,-89.87510,2.3,331.6,511.0,HORIZON RUNNER,IMO9384045,WDE4930,60,8,47,9,2.6,60,A
367109110,2022-04-01T15:27:34,29.06991,-89.81710,7.0,273.1,272.0,STONE EXPLORER,,WDC9954,31,0,28,9,,57,A
367359790,2022-04-01T15:27:57,29.17686,-89.87566,4.2,254.0,511.0,HORIZON RUNNER,IMO9384045,WDE4930,60,8,47,9,2.6,60,A
367109110,2022-04-01T15:28:45,29.06993,-89.81969,6.9,272.6,270.0,STONE EXPLORER,,WDC9954,31,0,28,9,,57,A
367359790,2022-04-01T15:28:58,29.17512,-89.87900,16.6,241.0,511.0,HORIZON RUNNER,IMO9384045,WDE4930,60,8,47,9,2.6,60,A
367359790,2022-04-01T15:30:04,29.17242,-89.88397,16.5,231.4,511.0,HORIZON RUNNER,IMO9384045,WDE4930,60,8,47,9,2.6,60,A
367359790,2022-04-01T15:31:11,29.16869,-89.88783,16.4,216.7,511.0,HORIZON RUNNER,IMO9384045,WDE4930,60,8,47,9,2.6,60,A
367109110,2022-04-01T15:31:25,29.06981,-89.82553,7.0,263.7,271.0,STONE EXPLORER,,WDC9954,31,0,28,9,,57,A
367359790,2022-04-01T15:32:16,29.16480,-89.89127,16.5,221.3,511.0,HORIZON RUNNER,IMO9384045,WDE4930,60,8,47,9,2.6,60,A
367109110,2022-04-01T15:32:54,29.06976,-89.82881,6.9,267.0,269.0,STONE EXPLORER,,WDC9954,31,0,28,9,,57,A
367359790,2022-04-01T15:33:22,29.16105,-89.89509,16.4,220.0,511.0,HORIZON RUNNER,IMO9384045,WDE4930,60,8,47,9,2.6,60,A
367359790,2022-04-01T15:34:28,29.15695,-89.89839,16.5,212.4,511.0,HORIZON RUNNER,IMO9384045,WDE4930,60,8,47,9,2.6,60,A
367359790,2022-04-01T15:35:35,29.15283,-89.90181,16.4,214.7,511.0,HORIZON RUNNER,IMO9384045,WDE4930,60,8,47,9,2.6,60,A
367359790,2022-04-01T15:36:46,29.14820,-89.90495,16.5,212.7,511.0,HORIZON RUNNER,IMO9384045,WDE4930,60,8,47,9,2.6,60,A
367359790,2022-04-01T15:37:53,29.14416,-89.90856,16.5,213.1,511.0,HORIZON RUNNER,IMO9384045,WDE4930,60,8,47,9,2.6,60,A
367359790,2022-04-01T15:38:58,29.13987,-89.91163,16.5,210.3,511.0,HORIZON RUNNER,IMO9384045,WDE4930,60,8,47,9,2.6,60,A
367359790,2022-04-01T15:40:04,29.13569,-89.91471,16.5,208.2,511.0,HORIZON RUNNER,IMO9384045,WDE4930,60,8,47,9,2.6,60,A
367109110,2022-04-01T15:40:14,29.06973,-89.84480,6.7,276.0,269.0,STONE EXPLORER,,WDC9954,31,0,28,9,,57,A
367359790,2022-04-01T15:41:10,29.13134,-89.91764,16.4,215.1,511.0,HORIZON RUNNER,IMO9384045,WDE4930,60,8,47,9,2.6,60,A
367109110,2022-04-01T15:41:54,29.06973,-89.84843,7.1,267.0,269.0,STONE EXPLORER,,WDC9954,31,0,28,9,,57,A
367359790,2022-04-01T15:42:16,29.12718,-89.92097,16.5,211.0,511.0,HORIZON RUNNER,IMO9384045,WDE4930,60,8,47,9,2.6,60,A
367359790,2022-04-01T15:43:23,29.12294,-89.92434,16.6,214.3,511.0,HORIZON RUNNER,IMO9384045,WDE4930,60,8,47,9,2.6,60,A
367109110,2022-04-01T15:44:25,29.06973,-89.85393,7.2,268.9,269.0,STONE EXPLORER,,WDC9954,31,0,28,9,,57,A
367359790,2022-04-01T15:44:28,29.11874,-89.92763,16.4,213.4,511.0,HORIZON RUNNER,IMO9384045,WDE4930,60,8,47,9,2.6,60,A
367109110,2022-04-01T15:45:34,29.06974,-89.85645,7.1,268.1,269.0,STONE EXPLORER,,WDC9954,31,0,28,9,,57,A
367359790,2022-04-01T15:45:34,29.11447,-89.93079,16.7,220.3,511.0,HORIZON RUNNER,IMO9384045,WDE4930,60,8,47,9,2.6,60,A
367359790,2022-04-01T15:46:40,29.11035,-89.93418,16.6,211.1,511.0,HORIZON RUNNER,IMO9384045,WDE4930,60,8,47,9,2.6,60,A
367109110,2022-04-01T15:46:54,29.06976,-89.85939,6.8,269.7,269.0,STONE EXPLORER,,WDC9954,31,0,28,9,,57,A
367359790,2022-04-01T15:47:46,29.10604,-89.93728,16.5,207.3,511.0,HORIZON RUNNER,IMO9384045,WDE4930,60,8,47,9,2.6,60,A
367359790,2022-04-01T15:48:52,29.10167,-89.94021,16.7,216.1,511.0,HORIZON RUNNER,IMO9384045,WDE4930,60,8,47,9,2.6,60,A
367359790,2022-04-01T15:49:59,29.09808,-89.94238,7.0,212.1,511.0,HORIZON RUNNER,IMO9384045,WDE4930,60,8,47,9,2.6,60,A
367359790,2022-04-01T15:51:04,29.09592,-89.94296,7.7,176.7,511.0,HORIZON RUNNER,IMO9384045,WDE4930,60,8,47,9,2.6,60,A
367359790,2022-04-01T15:52:16,29.09497,-89.94316,1.2,50.6,511.0,HORIZON RUNNER,IMO9384045,WDE4930,60,8,47,9,2.6,60,A
367359790,2022-04-01T15:53:20,29.09504,-89.94275,0.9,360.0,511.0,HORIZON RUNNER,IMO9384045,WDE4930,60,8,47,9,2.6,60,A
367359790,2022-04-01T15:54:23,29.09659,-89.94470,15.4,316.1,511.0,HORIZON RUNNER,IMO9384045,WDE4930,60,8,47,9,2.6,60,A
367109110,2022-04-01T15:54:25,29.06944,-89.87578,7.2,268.6,267.0,STONE EXPLORER,,WDC9954,31,0,28,9,,57,A
367359790,2022-04-01T15:55:46,29.10092,-89.94974,16.1,319.1,511.0,HORIZON RUNNER,IMO9384045,WDE4930,60,8,47,9,2.6,60,A
367359790,2022-04-01T15:56:53,29.10331,-89.95458,15.8,301.8,511.0,HORIZON RUNNER,IMO9384045,WDE4930,60,8,47,9,2.6,60,A
367359790,2022-04-01T15:58:05,29.10569,-89.96009,16.7,298.5,511.0,HORIZON RUNNER,IMO9384045,WDE4930,60,8,47,9,2.6,60,A
367359790,2022-04-01T15:59:11,29.10794,-89.96511,16.0,292.9,511.0,HORIZON RUNNER,IMO9384045,WDE4930,60,8,47,9,2.6,60,A
367359790,2022-04-01T16:00:11,29.10978,-89.96890,9.5,291.6,511.0,HORIZON RUNNER,IMO9384045,WDE4930,60,8,47,9,2.6,60,A
367109110,2022-04-01T16:00:43,29.06852,-89.88967,7.0,265.0,264.0,STONE EXPLORER,,WDC9954,31,0,28,9,,57,A
367359790,2022-04-01T16:01:16,29.10994,-89.96995,2.0,193.2,511.0,HORIZON RUNNER,IMO9384045,WDE4930,60,8,47,9,2.6,60,A
367109110,2022-04-01T16:02:14,29.06824,-89.89306,7.0,267.9,264.0,STONE EXPLORER,,WDC9954,31,0,28,9,,57,A
367359790,2022-04-01T16:02:17,29.10933,-89.96984,1.7,143.0,511.0,HORIZON RUNNER,IMO9384045,WDE4930,60,8,47,9,2.6,60,A
367359790,2022-04-01T16:03:19,29.10923,-89.96977,0.2,360.0,511.0,HORIZON RUNNER,IMO9384045,WDE4930,60,8,47,9,2.6,60,A
367109110,2022-04-01T16:03:53,29.06791,-89.89669,7.2,259.9,263.0,STONE EXPLORER,,WDC9954,31,0,28,9,,57,A
367359790,2022-04-01T16:04:39,29.10919,-89.96976,0.2,360.0,511.0,HORIZON RUNNER,IMO9384045,WDE4930,60,8,47,9,2.6,60,A
367109110,2022-04-01T16:05:14,29.06766,-89.89966,6.9,264.2,265.0,STONE EXPLORER,,WDC9954,31,0,28,9,,57,A
367359790,2022-04-01T16:05:47,29.10919,-89.96983,0.3,360.0,511.0,HORIZON RUNNER,IMO9384045,WDE4930,60,8,47,9,2.6,60,A
367359790,2022-04-01T16:06:48,29.10925,-89.96982,0.8,360.0,511.0,HORIZON RUNNER,IMO9384045,WDE4930,60,8,47,9,2.6,60,A
367109110,2022-04-01T16:06:53,29.06735,-89.90333,7.0,270.2,264.0,STONE EXPLORER,,WDC9954,31,0,28,9,,57,A
367109110,2022-04-01T16:13:15,29.06626,-89.91736,7.0,261.3,264.0,STONE EXPLORER,,WDC9954,31,0,28,9,,57,A
367109110,2022-04-01T16:16:13,29.06577,-89.92387,7.0,272.2,264.0,STONE EXPLORER,,WDC9954,31,0,28,9,,57,A
367109110,2022-04-01T16:20:44,29.06494,-89.93386,7.0,267.7,264.0,STONE EXPLORER,,WDC9954,31,0,28,9,,57,A
367109110,2022-04-01T16:22:25,29.06462,-89.93757,6.8,266.3,264.0,STONE EXPLORER,,WDC9954,31,0,28,9,,57,A
367109110,2022-04-01T16:23:54,29.06433,-89.94087,6.9,263.3,263.0,STONE EXPLORER,,WDC9954,31,0,28,9,,57,A
367109110,2022-04-01T16:25:14,29.06409,-89.94382,7.4,263.5,263.0,STONE EXPLORER,,WDC9954,31,0,28,9,,57,A
367109110,2022-04-01T16:26:35,29.06384,-89.94681,7.2,266.5,264.0,STONE EXPLORER,,WDC9954,31,0,28,9,,57,A
367109110,2022-04-01T16:28:24,29.06348,-89.95085,7.1,268.4,264.0,STONE EXPLORER,,WDC9954,31,0,28,9,,57,A
367109110,2022-04-01T16:29:35,29.06325,-89.95345,7.1,263.7,262.0,STONE EXPLORER,,WDC9954,31,0,28,9,,57,A
367109110,2022-04-01T16:30:44,29.06303,-89.95600,6.9,256.6,264.0,STONE EXPLORER,,WDC9954,31,0,28,9,,57,A
367109110,2022-04-01T16:32:13,29.06274,-89.95929,7.1,266.5,263.0,STONE EXPLORER,,WDC9954,31,0,28,9,,57,A
367109110,2022-04-01T16:33:45,29.06241,-89.96272,7.1,261.2,264.0,STONE EXPLORER,,WDC9954,31,0,28,9,,57,A
367109110,2022-04-01T16:34:53,29.06217,-89.96526,7.1,260.4,264.0,STONE EXPLORER,,WDC9954,31,0,28,9,,57,A
367109110,2022-04-01T16:36:53,29.06174,-89.96972,7.4,260.8,263.0,STONE EXPLORER,,WDC9954,31,0,28,9,,57,A
366866280,2022-04-01T16:49:17,29.07075,-89.96814,17.3,14.4,511.0,AMETHYST,IMO9269817,WDA9537,60,0,47,9,,60,A
366866280,2022-04-01T16:51:48,29.08218,-89.96324,16.6,23.3,511.0,AMETHYST,IMO9269817,WDA9537,60,0,47,9,,60,A
366866280,2022-04-01T16:57:59,29.10447,-89.94168,17.5,10.7,511.0,AMETHYST,IMO9269817,WDA9537,60,0,47,9,,60,A
366866280,2022-04-01T17:03:53,29.12628,-89.92117,17.2,24.4,511.0,AMETHYST,IMO9269817,WDA9537,60,0,47,9,,60,A
366866280,2022-04-01T17:05:05,29.13202,-89.91954,17.3,14.3,511.0,AMETHYST,IMO9269817,WDA9537,60,0,47,9,,60,A
366866280,2022-04-01T17:06:29,29.13761,-89.91540,16.8,30.9,511.0,AMETHYST,IMO9269817,WDA9537,60,0,47,9,,60,A
366866280,2022-04-01T17:07:36,29.14289,-89.91422,17.7,358.8,511.0,AMETHYST,IMO9269817,WDA9537,60,0,47,9,,60,A
366866280,2022-04-01T17:08:42,29.14826,-89.91329,17.7,8.9,511.0,AMETHYST,IMO9269817,WDA9537,60,0,47,9,,60,A
366866280,2022-04-01T17:10:06,29.15504,-89.91396,18.2,342.8,511.0,AMETHYST,IMO9269817,WDA9537,60,0,47,9,,60,A
366866280,2022-04-01T17:11:11,29.16025,-89.91494,16.7,7.0,511.0,AMETHYST,IMO9269817,WDA9537,60,0,47,9,,60,A
366866280,2022-04-01T17:12:23,29.16595,-89.91310,16.3,13.9,511.0,AMETHYST,IMO9269817,WDA9537,60,0,47,9,,60,A
366866280,2022-04-01T17:13:29,29.17121,-89.91304,18.9,0.2,511.0,AMETHYST,IMO9269817,WDA9537,60,0,47,9,,60,A
366866280,2022-04-01T17:14:41,29.17696,-89.91495,18.0,325.3,511.0,AMETHYST,IMO9269817,WDA9537,60,0,47,9,,60,A
366866280,2022-04-01T17:15:54,29.18190,-89.91747,17.8,15.8,511.0,AMETHYST,IMO9269817,WDA9537,60,0,47,9,,60,A
366866280,2022-04-01T17:17:18,29.18593,-89.91179,17.4,37.1,511.0,AMETHYST,IMO9269817,WDA9537,60,0,47,9,,60,A
366866280,2022-04-01T17:18:29,29.19131,-89.90961,16.7,20.2,511.0,AMETHYST,IMO9269817,WDA9537,60,0,47,9,,60,A
367359790,2022-04-01T17:42:53,29.09966,-89.96694,13.9,97.8,511.0,HORIZON RUNNER,IMO9384045,WDE4930,60,8,47,9,2.6,60,A
367359790,2022-04-01T17:43:59,29.09888,-89.96207,14.4,102.7,511.0,HORIZON RUNNER,IMO9384045,WDE4930,60,8,47,9,2.6,60,A
367359790,2022-04-01T17:45:05,29.09800,-89.95715,14.3,102.8,511.0,HORIZON RUNNER,IMO9384045,WDE4930,60,8,47,9,2.6,60,A
367359790,2022-04-01T17:46:11,29.09701,-89.95225,14.6,107.0,511.0,HORIZON RUNNER,IMO9384045,WDE4930,60,8,47,9,2.6,60,A
367359790,2022-04-01T17:47:16,29.09609,-89.94740,14.4,105.7,511.0,HORIZON RUNNER,IMO9384045,WDE4930,60,8,47,9,2.6,60,A
367359790,2022-04-01T17:48:22,29.09537,-89.94383,5.2,82.0,511.0,HORIZON RUNNER,IMO9384045,WDE4930,60,8,47,9,2.6,60,A
367359790,2022-04-01T17:49:41,29.09550,-89.94331,3.6,142.4,511.0,HORIZON RUNNER,IMO9384045,WDE4930,60,8,47,9,2.6,60,A
367359790,2022-04-01T17:50:53,29.09503,-89.94280,1.1,124.2,511.0,HORIZON RUNNER,IMO9384045,WDE4930,60,8,47,9,2.6,60,A
367359790,2022-04-01T17:51:56,29.09505,-89.94280,1.1,282.0,511.0,HORIZON RUNNER,IMO9384045,WDE4930,60,8,47,9,2.6,60,A
367359790,2022-04-01T17:53:06,29.09510,-89.94313,0.3,360.0,511.0,HORIZON RUNNER,IMO9384045,WDE4930,60,8,47,9,2.6,60,A
367359790,2022-04-01T17:54:16,29.09522,-89.94401,9.5,280.8,511.0,HORIZON RUNNER,IMO9384045,WDE4930,60,8,47,9,2.6,60,A
367359790,2022-04-01T17:55:22,29.09688,-89.94752,13.3,299.1,511.0,HORIZON RUNNER,IMO9384045,WDE4930,60,8,47,9,2.6,60,A
367359790,2022-04-01T17:56:47,29.09957,-89.95380,18.6,298.1,511.0,HORIZON RUNNER,IMO9384045,WDE4930,60,8,47,9,2.6,60,A
367359790,2022-04-01T17:57:58,29.10274,-89.95924,17.8,301.0,511.0,HORIZON RUNNER,IMO9384045,WDE4930,60,8,47,9,2.6,60,A
367359790,2022-04-01T17:59:04,29.10547,-89.96457,17.9,299.4,511.0,HORIZON RUNNER,IMO9384045,WDE4930,60,8,47,9,2.6,60,A
367359790,2022-04-01T18:00:04,29.10763,-89.96839,9.1,306.0,511.0,HORIZON RUNNER,IMO9384045,WDE4930,60,8,47,9,2.6,60,A
367359790,2022-04-01T18:08:37,29.10880,-89.96987,0.4,360.0,511.0,HORIZON RUNNER,IMO9384045,WDE4930,60,8,47,9,2.6,60,A
367359790,2022-04-01T18:13:36,29.11128,-89.96981,7.9,71.0,511.0,HORIZON RUNNER,IMO9384045,WDE4930,60,8,47,9,2.6,60,A
367359790,2022-04-01T18:14:47,29.11205,-89.96691,8.1,63.3,511.0,HORIZON RUNNER,IMO9384045,WDE4930,60,8,47,9,2.6,60,A
367359790,2022-04-01T18:15:53,29.11482,-89.96434,14.7,40.4,511.0,HORIZON RUNNER,IMO9384045,WDE4930,60,8,47,9,2.6,60,A
367359790,2022-04-01T18:16:59,29.11754,-89.96019,15.0,50.6,511.0,HORIZON RUNNER,IMO9384045,WDE4930,60,8,47,9,2.6,60,A
367359790,2022-04-01T18:18:06,29.12077,-89.95644,14.7,47.3,511.0,HORIZON RUNNER,IMO9384045,WDE4930,60,8,47,9,2.6,60,A
367359790,2022-04-01T18:19:11,29.12339,-89.95228,14.7,60.4,511.0,HORIZON RUNNER,IMO9384045,WDE4930,60,8,47,9,2.6,60,A
367359790,2022-04-01T18:20:18,29.12629,-89.94820,15.1,40.9,511.0,HORIZON RUNNER,IMO9384045,WDE4930,60,8,47,9,2.6,60,A
367359790,2022-04-01T18:21:23,29.12945,-89.94448,14.8,55.3,511.0,HORIZON RUNNER,IMO9384045,WDE4930,60,8,47,9,2.6,60,A
367359790,2022-04-01T18:22:29,29.13205,-89.94020,15.0,51.4,511.0,HORIZON RUNNER,IMO9384045,WDE4930,60,8,47,9,2.6,60,A
367359790,2022-04-01T18:23:42,29.13546,-89.93587,14.9,46.4,511.0,HORIZON RUNNER,IMO9384045,WDE4930,60,8,47,9,2.6,60,A
367359790,2022-04-01T18:24:47,29.13836,-89.93178,15.0,50.8,511.0,HORIZON RUNNER,IMO9384045,WDE4930,60,8,47,9,2.6,60,A
367359790,2022-04-01T18:25:54,29.14153,-89.92795,15.1,46.2,511.0,HORIZON RUNNER,IMO9384045,WDE4930,60,8,47,9,2.6,60,A
367359790,2022-04-01T18:26:59,29.14432,-89.92387,15.1,50.3,511.0,HORIZON RUNNER,IMO9384045,WDE4930,60,8,47,9,2.6,60,A
367359790,2022-04-01T18:28:05,29.14708,-89.91965,14.9,57.8,511.0,HORIZON RUNNER,IMO9384045,WDE4930,60,8,47,9,2.6,60,A
367359790,2022-04-01T18:29:12,29.14990,-89.91540,15.0,52.3,511.0,HORIZON RUNNER,IMO9384045,WDE4930,60,8,47,9,2.6,60,A
367359790,2022-04-01T18:30:17,29.15267,-89.91130,14.9,53.1,511.0,HORIZON RUNNER,IMO9384045,WDE4930,60,8,47,9,2.6,60,A
367359790,2022-04-01T18:31:23,29.15576,-89.90687,17.1,52.8,511.0,HORIZON RUNNER,IMO9384045,WDE4930,60,8,47,9,2.6,60,A
367359790,2022-04-01T18:32:29,29.15873,-89.90207,16.8,53.1,511.0,HORIZON RUNNER,IMO9384045,WDE4930,60,8,47,9,2.6,60,A
367359790,2022-04-01T18:33:36,29.16188,-89.89730,16.6,55.3,511.0,HORIZON RUNNER,IMO9384045,WDE4930,60,8,47,9,2.6,60,A
367359790,2022-04-01T18:34:41,29.16470,-89.89241,16.7,60.4,511.0,HORIZON RUNNER,IMO9384045,WDE4930,60,8,47,9,2.6,60,A
367359790,2022-04-01T18:35:47,29.16808,-89.88811,17.0,47.5,511.0,HORIZON RUNNER,IMO9384045,WDE4930,60,8,47,9,2.6,60,A
367359790,2022-04-01T18:36:53,29.17143,-89.88361,16.9,45.7,511.0,HORIZON RUNNER,IMO9384045,WDE4930,60,8,47,9,2.6,60,A
367359790,2022-04-01T18:37:59,29.17471,-89.87892,16.6,53.6,511.0,HORIZON RUNNER,IMO9384045,WDE4930,60,8,47,9,2.6,60,A
367359790,2022-04-01T18:39:06,29.17628,-89.87585,7.6,59.4,511.0,HORIZON RUNNER,IMO9384045,WDE4930,60,8,47,9,2.6,60,A
367359790,2022-04-01T18:40:11,29.17680,-89.87462,1.9,327.9,511.0,HORIZON RUNNER,IMO9384045,WDE4930,60,8,47,9,2.6,60,A
367359790,2022-04-01T18:41:17,29.17672,-89.87470,1.6,147.0,511.0,HORIZON RUNNER,IMO9384045,WDE4930,60,8,47,9,2.6,60,A
367359790,2022-04-01T18:42:32,29.17396,-89.87573,12.4,219.4,511.0,HORIZON RUNNER,IMO9384045,WDE4930,60,8,47,9,2.6,60,A
367359790,2022-04-01T18:43:42,29.17068,-89.87861,12.7,222.3,511.0,HORIZON RUNNER,IMO9384045,WDE4930,60,8,47,9,2.6,60,A
367359790,2022-04-01T18:44:52,29.16759,-89.88174,12.7,229.0,511.0,HORIZON RUNNER,IMO9384045,WDE4930,60,8,47,9,2.6,60,A
367359790,2022-04-01T18:46:02,29.16504,-89.88544,12.9,228.0,511.0,HORIZON RUNNER,IMO9384045,WDE4930,60,8,47,9,2.6,60,A
367359790,2022-04-01T18:47:04,29.16278,-89.88876,13.0,236.3,511.0,HORIZON RUNNER,IMO9384045,WDE4930,60,8,47,9,2.6,60,A
367359790,2022-04-01T18:48:14,29.16032,-89.89264,13.0,240.0,511.0,HORIZON RUNNER,IMO9384045,WDE4930,60,8,47,9,2.6,60,A
367359790,2022-04-01T18:49:23,29.15808,-89.89662,12.9,236.2,511.0,HORIZON RUNNER,IMO9384045,WDE4930,60,8,47,9,2.6,60,A
367359790,2022-04-01T18:50:34,29.15555,-89.90052,13.0,233.3,511.0,HORIZON RUNNER,IMO9384045,WDE4930,60,8,47,9,2.6,60,A
367359790,2022-04-01T18:51:44,29.15288,-89.90419,12.9,229.0,511.0,HORIZON RUNNER,IMO9384045,WDE4930,60,8,47,9,2.6,60,A
367359790,2022-04-01T18:52:54,29.15036,-89.90803,13.0,235.4,511.0,HORIZON RUNNER,IMO9384045,WDE4930,60,8,47,9,2.6,60,A
367359790,2022-04-01T18:54:04,29.14794,-89.91199,12.9,231.2,511.0,HORIZON RUNNER,IMO9384045,WDE4930,60,8,47,9,2.6,60,A
367359790,2022-04-01T18:55:14,29.14508,-89.91552,12.9,226.1,511.0,HORIZON RUNNER,IMO9384045,WDE4930,60,8,47,9,2.6,60,A
367359790,2022-04-01T18:56:23,29.14217,-89.91896,14.3,238.3,511.0,HORIZON RUNNER,IMO9384045,WDE4930,60,8,47,9,2.6,60,A
367359790,2022-04-01T18:57:28,29.13982,-89.92371,15.6,235.5,511.0,HORIZON RUNNER,IMO9384045,WDE4930,60,8,47,9,2.6,60,A
367359790,2022-04-01T18:58:34,29.13664,-89.92771,15.4,226.9,511.0,HORIZON RUNNER,IMO9384045,WDE4930,60,8,47,9,2.6,60,A
367359790,2022-04-01T18:59:40,29.13377,-89.93203,15.8,237.6,511.0,HORIZON RUNNER,IMO9384045,WDE4930,60,8,47,9,2.6,60,A
367359790,2022-04-01T19:00:05,29.13285,-89.93373,15.7,236.3,511.0,HORIZON RUNNER,IMO9384045,WDE4930,60,8,47,9,2.6,60,A
367359790,2022-04-01T19:01:10,29.13029,-89.93837,15.7,238.8,511.0,HORIZON RUNNER,IMO9384045,WDE4930,60,8,47,9,2.6,60,A
367359790,2022-04-01T19:02:16,29.12762,-89.94292,15.7,230.8,511.0,HORIZON RUNNER,IMO9384045,WDE4930,60,8,47,9,2.6,60,A
367359790,2022-04-01T19:03:23,29.12469,-89.94724,15.6,233.2,511.0,HORIZON RUNNER,IMO9384045,WDE4930,60,8,47,9,2.6,60,A
367359790,2022-04-01T19:04:29,29.12198,-89.95177,15.7,236.3,511.0,HORIZON RUNNER,IMO9384045,WDE4930,60,8,47,9,2.6,60,A
367359790,2022-04-01T19:05:59,29.11854,-89.95822,15.7,243.6,511.0,HORIZON RUNNER,IMO9384045,WDE4930,60,8,47,9,2.6,60,A
367359790,2022-04-01T19:07:05,29.11671,-89.96201,7.6,237.6,511.0,HORIZON RUNNER,IMO9384045,WDE4930,60,8,47,9,2.6,60,A
367359790,2022-04-01T19:08:23,29.11507,-89.96451,7.6,232.5,511.0,HORIZON RUNNER,IMO9384045,WDE4930,60,8,47,9,2.6,60,A
367359790,2022-04-01T19:09:28,29.11343,-89.96661,7.6,229.6,511.0,HORIZON RUNNER,IMO9384045,WDE4930,60,8,47,9,2.6,60,A
367359790,2022-04-01T19:10:34,29.11228,-89.96857,4.8,240.8,511.0,HORIZON RUNNER,IMO9384045,WDE4930,60,8,47,9,2.6,60,A
367359790,2022-04-01T19:11:44,29.11178,-89.96970,2.4,247.3,511.0,HORIZON RUNNER,IMO9384045,WDE4930,60,8,47,9,2.6,60,A
367359790,2022-04-01T19:19:27,29.10359,-89.96635,17.6,108.5,511.0,HORIZON RUNNER,IMO9384045,WDE4930,60,8,47,9,2.6,60,A
367359790,2022-04-01T19:20:33,29.10112,-89.96089,17.6,113.1,511.0,HORIZON RUNNER,IMO9384045,WDE4930,60,8,47,9,2.6,60,A
367359790,2022-04-01T19:21:39,29.09917,-89.95528,17.4,112.2,511.0,HORIZON RUNNER,IMO9384045,WDE4930,60,8,47,9,2.6,60,A
367359790,2022-04-01T19:22:45,29.09724,-89.94954,17.7,111.4,511.0,HORIZON RUNNER,IMO9384045,WDE4930,60,8,47,9,2.6,60,A
367359790,2022-04-01T19:23:51,29.09569,-89.94468,9.0,107.6,511.0,HORIZON RUNNER,IMO9384045,WDE4930,60,8,47,9,2.6,60,A
367359790,2022-04-01T19:24:58,29.09488,-89.94345,3.8,202.7,511.0,HORIZON RUNNER,IMO9384045,WDE4930,60,8,47,9,2.6,60,A
367359790,2022-04-01T19:26:03,29.09499,-89.94310,2.0,70.8,511.0,HORIZON RUNNER,IMO9384045,WDE4930,60,8,47,9,2.6,60,A
367359790,2022-04-01T19:27:09,29.09506,-89.94271,0.2,360.0,511.0,HORIZON RUNNER,IMO9384045,WDE4930,60,8,47,9,2.6,60,A
367359790,2022-04-01T19:28:17,29.09529,-89.94334,2.1,286.0,511.0,HORIZON RUNNER,IMO9384045,WDE4930,60,8,47,9,2.6,60,A
367359790,2022-04-01T19:29:20,29.09629,-89.94773,18.7,281.1,511.0,HORIZON RUNNER,IMO9384045,WDE4930,60,8,47,9,2.6,60,A
367359790,2022-04-01T19:30:26,29.09832,-89.95415,18.8,284.8,511.0,HORIZON RUNNER,IMO9384045,WDE4930,60,8,47,9,2.6,60,A
367359790,2022-04-01T19:31:38,29.10003,-89.96119,19.3,282.2,511.0,HORIZON RUNNER,IMO9384045,WDE4930,60,8,47,9,2.6,60,A
367359790,2022-04-01T19:32:44,29.10185,-89.96758,18.4,289.8,511.0,HORIZON RUNNER,IMO9384045,WDE4930,60,8,47,9,2.6,60,A
367359790,2022-04-01T20:11:12,29.15043,-89.96939,13.2,23.5,511.0,HORIZON RUNNER,IMO9384045,WDE4930,60,8,47,9,2.6,60,A
367359790,2022-04-01T20:12:30,29.15323,-89.96824,4.4,356.3,511.0,HORIZON RUNNER,IMO9384045,WDE4930,60,8,47,9,2.6,60,A
367359790,2022-04-01T20:13:31,29.15324,-89.96806,0.6,360.0,511.0,HORIZON RUNNER,IMO9384045,WDE4930,60,8,47,9,2.6,60,A
367359790,2022-04-01T20:14:42,29.15343,-89.96836,1.0,360.0,511.0,HORIZON RUNNER,IMO9384045,WDE4930,60,8,47,9,2.6,60,A
367359790,2022-04-01T20:15:58,29.15338,-89.96839,2.4,134.3,511.0,HORIZON RUNNER,IMO9384045,WDE4930,60,8,47,9,2.6,60,A
367359790,2022-04-01T20:17:07,29.15325,-89.96832,4.0,272.7,511.0,HORIZON RUNNER,IMO9384045,WDE4930,60,8,47,9,2.6,60,A
367359790,2022-04-01T20:18:14,29.15066,-89.96991,15.3,134.3,511.0,HORIZON RUNNER,IMO9384045,WDE4930,60,8,47,9,2.6,60,A
367359790,2022-04-01T20:19:20,29.15155,-89.96425,18.0,72.0,511.0,HORIZON RUNNER,IMO9384045,WDE4930,60,8,47,9,2.6,60,A
367359790,2022-04-01T20:20:26,29.15307,-89.95808,18.1,76.0,511.0,HORIZON RUNNER,IMO9384045,WDE4930,60,8,47,9,2.6,60,A
367359790,2022-04-01T20:21:32,29.15462,-89.95200,18.3,69.6,511.0,HORIZON RUNNER,IMO9384045,WDE4930,60,8,47,9,2.6,60,A
367359790,2022-04-01T20:22:38,29.15636,-89.94609,17.9,71.6,511.0,HORIZON RUNNER,IMO9384045,WDE4930,60,8,47,9,2.6,60,A
367359790,2022-04-01T20:23:43,29.15815,-89.94010,18.0,75.1,511.0,HORIZON RUNNER,IMO9384045,WDE4930,60,8,47,9,2.6,60,A
367359790,2022-04-01T20:24:44,29.15970,-89.93461,18.3,68.0,511.0,HORIZON RUNNER,IMO9384045,WDE4930,60,8,47,9,2.6,60,A
367359790,2022-04-01T20:25:55,29.16219,-89.92828,18.2,72.3,511.0,HORIZON RUNNER,IMO9384045,WDE4930,60,8,47,9,2.6,60,A
367359790,2022-04-01T20:27:02,29.16398,-89.92218,18.2,64.9,511.0,HORIZON RUNNER,IMO9384045,WDE4930,60,8,47,9,2.6,60,A
367359790,2022-04-01T20:28:07,29.16604,-89.91637,18.0,71.3,511.0,HORIZON RUNNER,IMO9384045,WDE4930,60,8,47,9,2.6,60,A
367359790,2022-04-01T20:29:14,29.16787,-89.91026,18.0,69.7,511.0,HORIZON RUNNER,IMO9384045,WDE4930,60,8,47,9,2.6,60,A
367359790,2022-04-01T20:30:19,29.16976,-89.90443,18.1,75.2,511.0,HORIZON RUNNER,IMO9384045,WDE4930,60,8,47,9,2.6,60,A
367359790,2022-04-01T20:31:20,29.17108,-89.89886,18.1,76.8,511.0,HORIZON RUNNER,IMO9384045,WDE4930,60,8,47,9,2.6,60,A
367359790,2022-04-01T20:32:38,29.17281,-89.89154,18.1,73.2,511.0,HORIZON RUNNER,IMO9384045,WDE4930,60,8,47,9,2.6,60,A
367359790,2022-04-01T20:33:56,29.17459,-89.88429,18.0,74.9,511.0,HORIZON RUNNER,IMO9384045,WDE4930,60,8,47,9,2.6,60,A
367359790,2022-04-01T20:35:02,29.17579,-89.87817,14.3,75.8,511.0,HORIZON RUNNER,IMO9384045,WDE4930,60,8,47,9,2.6,60,A
367359790,2022-04-01T20:36:14,29.17660,-89.87507,4.9,69.2,511.0,HORIZON RUNNER,IMO9384045,WDE4930,60,8,47,9,2.6,60,A
367359790,2022-04-01T20:37:20,29.17695,-89.87446,1.6,332.2,511.0,HORIZON RUNNER,IMO9384045,WDE4930,60,8,47,9,2.6,60,A
366866280,2022-04-01T20:37:47,29.18872,-89.90656,17.7,221.2,511.0,AMETHYST,IMO9269817,WDA9537,60,0,47,9,,60,A
367359790,2022-04-01T20:38:24,29.17711,-89.87465,0.3,360.0,511.0,HORIZON RUNNER,IMO9384045,WDE4930,60,8,47,9,2.6,60,A
366866280,2022-04-01T20:39:11,29.18364,-89.91166,17.6,223.7,511.0,AMETHYST,IMO9269817,WDA9537,60,0,47,9,,60,A
367359790,2022-04-01T20:39:34,29.17688,-89.87342,2.0,108.7,511.0,HORIZON RUNNER,IMO9384045,WDE4930,60,8,47,9,2.6,60,A
366866280,2022-04-01T20:40:23,29.17945,-89.91644,17.9,226.3,511.0,AMETHYST,IMO9269817,WDA9537,60,0,47,9,,60,A
367359790,2022-04-01T20:40:54,29.17664,-89.87304,0.4,360.0,511.0,HORIZON RUNNER,IMO9384045,WDE4930,60,8,47,9,2.6,60,A
366866280,2022-04-01T20:41:30,29.17558,-89.92092,17.7,222.7,511.0,AMETHYST,IMO9269817,WDA9537,60,0,47,9,,60,A
367359790,2022-04-01T20:42:05,29.17657,-89.87306,0.2,360.0,511.0,HORIZON RUNNER,IMO9384045,WDE4930,60,8,47,9,2.6,60,A
367359790,2022-04-01T20:43:14,29.17657,-89.87318,0.3,360.0,511.0,HORIZON RUNNER,IMO9384045,WDE4930,60,8,47,9,2.6,60,A
366866280,2022-04-01T20:43:23,29.16792,-89.92694,17.8,221.3,511.0,AMETHYST,IMO9269817,WDA9537,60,0,47,9,,60,A
367359790,2022-04-01T20:44:15,29.17660,-89.87332,0.4,360.0,511.0,HORIZON RUNNER,IMO9384045,WDE4930,60,8,47,9,2.6,60,A
366866280,2022-04-01T20:44:42,29.16336,-89.93235,18.1,228.3,511.0,AMETHYST,IMO9269817,WDA9537,60,0,47,9,,60,A
367359790,2022-04-01T20:45:25,29.17664,-89.87355,0.7,360.0,511.0,HORIZON RUNNER,IMO9384045,WDE4930,60,8,47,9,2.6,60,A
366866280,2022-04-01T20:45:47,29.15985,-89.93704,18.0,233.0,511.0,AMETHYST,IMO9269817,WDA9537,60,0,47,9,,60,A
367359790,2022-04-01T20:46:35,29.17670,-89.87386,0.9,360.0,511.0,HORIZON RUNNER,IMO9384045,WDE4930,60,8,47,9,2.6,60,A
366866280,2022-04-01T20:46:54,29.15656,-89.94220,18.2,235.9,511.0,AMETHYST,IMO9269817,WDA9537,60,0,47,9,,60,A
367359790,2022-04-01T20:47:45,29.17681,-89.87420,1.0,360.0,511.0,HORIZON RUNNER,IMO9384045,WDE4930,60,8,47,9,2.6,60,A
366866280,2022-04-01T20:48:06,29.15312,-89.94788,18.1,236.2,511.0,AMETHYST,IMO9269817,WDA9537,60,0,47,9,,60,A
367359790,2022-04-01T20:48:54,29.17688,-89.87451,2.6,156.1,511.0,HORIZON RUNNER,IMO9384045,WDE4930,60,8,47,9,2.6,60,A
366866280,2022-04-01T20:49:54,29.14656,-89.95479,18.2,210.6,511.0,AMETHYST,IMO9269817,WDA9537,60,0,47,9,,60,A
367359790,2022-04-01T20:50:05,29.17618,-89.87418,0.9,360.0,511.0,HORIZON RUNNER,IMO9384045,WDE4930,60,8,47,9,2.6,60,A
367359790,2022-04-01T20:51:15,29.17604,-89.87417,0.1,360.0,511.0,HORIZON RUNNER,IMO9384045,WDE4930,60,8,47,9,2.6,60,A
366866280,2022-04-01T20:51:41,29.13991,-89.96160,18.1,222.8,511.0,AMETHYST,IMO9269817,WDA9537,60,0,47,9,,60,A
367359790,2022-04-01T20:52:24,29.17603,-89.87429,0.3,360.0,511.0,HORIZON RUNNER,IMO9384045,WDE4930,60,8,47,9,2.6,60,A
366866280,2022-04-01T20:52:48,29.13614,-89.96635,18.2,230.6,511.0,AMETHYST,IMO9269817,WDA9537,60,0,47,9,,60,A
367359790,2022-04-01T20:53:35,29.17607,-89.87447,0.6,360.0,511.0,HORIZON RUNNER,IMO9384045,WDE4930,60,8,47,9,2.6,60,A
367359790,2022-04-01T20:54:44,29.17612,-89.87472,0.8,360.0,511.0,HORIZON RUNNER,IMO9384045,WDE4930,60,8,47,9,2.6,60,A
367359790,2022-04-01T20:55:55,29.17620,-89.87502,1.0,360.0,511.0,HORIZON RUNNER,IMO9384045,WDE4930,60,8,47,9,2.6,60,A
367359790,2022-04-01T20:57:04,29.17629,-89.87535,1.0,360.0,511.0,HORIZON RUNNER,IMO9384045,WDE4930,60,8,47,9,2.6,60,A
367359790,2022-04-01T20:58:14,29.17641,-89.87572,0.9,360.0,511.0,HORIZON RUNNER,IMO9384045,WDE4930,60,8,47,9,2.6,60,A
367359790,2022-04-01T20:59:25,29.17633,-89.87585,3.7,144.4,511.0,HORIZON RUNNER,IMO9384045,WDE4930,60,8,47,9,2.6,60,A
367359790,2022-04-01T21:00:05,29.17573,-89.87505,5.6,117.4,511.0,HORIZON RUNNER,IMO9384045,WDE4930,60,8,47,9,2.6,60,A
367359790,2022-04-01T21:01:15,29.17587,-89.87344,1.9,319.9,511.0,HORIZON RUNNER,IMO9384045,WDE4930,60,8,47,9,2.6,60,A
367359790,2022-04-01T21:02:25,29.17687,-89.87447,2.7,309.4,511.0,HORIZON RUNNER,IMO9384045,WDE4930,60,8,47,9,2.6,60,A
367359790,2022-04-01T21:03:34,29.17684,-89.87464,3.9,142.2,511.0,HORIZON RUNNER,IMO9384045,WDE4930,60,8,47,9,2.6,60,A
367359790,2022-04-01T21:04:39,29.17380,-89.87490,17.4,218.5,511.0,HORIZON RUNNER,IMO9384045,WDE4930,60,8,47,9,2.6,60,A
367359790,2022-04-01T21:05:45,29.16930,-89.87815,17.6,202.6,511.0,HORIZON RUNNER,IMO9384045,WDE4930,60,8,47,9,2.6,60,A
367359790,2022-04-01T21:06:46,29.16472,-89.87996,17.4,201.9,511.0,HORIZON RUNNER,IMO9384045,WDE4930,60,8,47,9,2.6,60,A
367359790,2022-04-01T21:08:03,29.15946,-89.88396,17.4,219.5,511.0,HORIZON RUNNER,IMO9384045,WDE4930,60,8,47,9,2.6,60,A
367359790,2022-04-01T21:09:09,29.15490,-89.88721,17.5,214.7,511.0,HORIZON RUNNER,IMO9384045,WDE4930,60,8,47,9,2.6,60,A
367359790,2022-04-01T21:10:10,29.15116,-89.89084,17.7,224.9,511.0,HORIZON RUNNER,IMO9384045,WDE4930,60,8,47,9,2.6,60,A
367359790,2022-04-01T21:11:15,29.14701,-89.89475,17.4,215.4,511.0,HORIZON RUNNER,IMO9384045,WDE4930,60,8,47,9,2.6,60,A
367359790,2022-04-01T21:12:22,29.14259,-89.89825,17.6,215.5,511.0,HORIZON RUNNER,IMO9384045,WDE4930,60,8,47,9,2.6,60,A
367359790,2022-04-01T21:13:27,29.13835,-89.90206,17.6,221.4,511.0,HORIZON RUNNER,IMO9384045,WDE4930,60,8,47,9,2.6,60,A
367359790,2022-04-01T21:14:39,29.13374,-89.90627,17.7,214.7,511.0,HORIZON RUNNER,IMO9384045,WDE4930,60,8,47,9,2.6,60,A
367359790,2022-04-01T21:15:45,29.12930,-89.90976,17.6,214.2,511.0,HORIZON RUNNER,IMO9384045,WDE4930,60,8,47,9,2.6,60,A
367359790,2022-04-01T21:16:51,29.12499,-89.91345,17.7,218.5,511.0,HORIZON RUNNER,IMO9384045,WDE4930,60,8,47,9,2.6,60,A
367359790,2022-04-01T21:17:57,29.12088,-89.91746,17.6,223.5,511.0,HORIZON RUNNER,IMO9384045,WDE4930,60,8,47,9,2.6,60,A
367359790,2022-04-01T21:19:09,29.11644,-89.92121,15.5,218.9,511.0,HORIZON RUNNER,IMO9384045,WDE4930,60,8,47,9,2.6,60,A
367359790,2022-04-01T21:20:21,29.11226,-89.92504,18.6,225.0,511.0,HORIZON RUNNER,IMO9384045,WDE4930,60,8,47,9,2.6,60,A
367359790,2022-04-01T21:21:28,29.10813,-89.92954,18.6,216.0,511.0,HORIZON RUNNER,IMO9384045,WDE4930,60,8,47,9,2.6,60,A
367359790,2022-04-01T21:22:33,29.10405,-89.93385,18.5,228.8,511.0,HORIZON RUNNER,IMO9384045,WDE4930,60,8,47,9,2.6,60,A
367359790,2022-04-01T21:23:39,29.09983,-89.93829,18.6,220.5,511.0,HORIZON RUNNER,IMO9384045,WDE4930,60,8,47,9,2.6,60,A
367359790,2022-04-01T21:24:45,29.09610,-89.94200,8.8,224.4,511.0,HORIZON RUNNER,IMO9384045,WDE4930,60,8,47,9,2.6,60,A
367359790,2022-04-01T21:26:03,29.09530,-89.94353,0.3,360.0,511.0,HORIZON RUNNER,IMO9384045,WDE4930,60,8,47,9,2.6,60,A
367359790,2022-04-01T21:27:10,29.09503,-89.94277,0.5,360.0,511.0,HORIZON RUNNER,IMO9384045,WDE4930,60,8,47,9,2.6,60,A
367359790,2022-04-01T21:28:21,29.09555,-89.94402,14.5,297.7,511.0,HORIZON RUNNER,IMO9384045,WDE4930,60,8,47,9,2.6,60,A
367359790,2022-04-01T21:29:24,29.09925,-89.94733,16.3,327.6,511.0,HORIZON RUNNER,IMO9384045,WDE4930,60,8,47,9,2.6,60,A
367359790,2022-04-01T21:30:42,29.10396,-89.95144,16.1,321.6,511.0,HORIZON RUNNER,IMO9384045,WDE4930,60,8,47,9,2.6,60,A
367359790,2022-04-01T21:31:54,29.10819,-89.95541,16.1,322.4,511.0,HORIZON RUNNER,IMO9384045,WDE4930,60,8,47,9,2.6,60,A
367359790,2022-04-01T21:33:06,29.11269,-89.95897,15.8,328.8,511.0,HORIZON RUNNER,IMO9384045,WDE4930,60,8,47,9,2.6,60,A
367359790,2022-04-01T21:34:12,29.11682,-89.96209,16.4,324.2,511.0,HORIZON RUNNER,IMO9384045,WDE4930,60,8,47,9,2.6,60,A
367359790,2022-04-01T21:35:30,29.12105,-89.96554,10.2,331.3,511.0,HORIZON RUNNER,IMO9384045,WDE4930,60,8,47,9,2.6,60,A
367359790,2022-04-01T21:36:54,29.12223,-89.96711,2.2,265.0,511.0,HORIZON RUNNER,IMO9384045,WDE4930,60,8,47,9,2.6,60,A
367359790,2022-04-01T21:37:59,29.12288,-89.96726,3.4,8.1,511.0,HORIZON RUNNER,IMO9384045,WDE4930,60,8,47,9,2.6,60,A
367359790,2022-04-01T21:39:05,29.12343,-89.96705,1.7,60.5,511.0,HORIZON RUNNER,IMO9384045,WDE4930,60,8,47,9,2.6,60,A
367359790,2022-04-01T21:40:18,29.12348,-89.96670,0.7,360.0,511.0,HORIZON RUNNER,IMO9384045,WDE4930,60,8,47,9,2.6,60,A
367359790,2022-04-01T21:41:58,29.12337,-89.96669,0.8,360.0,511.0,HORIZON RUNNER,IMO9384045,WDE4930,60,8,47,9,2.6,60,A
367359790,2022-04-01T21:43:18,29.12345,-89.96678,0.1,360.0,511.0,HORIZON RUNNER,IMO9384045,WDE4930,60,8,47,9,2.6,60,A
367359790,2022-04-01T21:44:27,29.12343,-89.96663,0.7,360.0,511.0,HORIZON RUNNER,IMO9384045,WDE4930,60,8,47,9,2.6,60,A
367359790,2022-04-01T21:45:37,29.12334,-89.96667,0.4,360.0,511.0,HORIZON RUNNER,IMO9384045,WDE4930,60,8,47,9,2.6,60,A
367359790,2022-04-01T21:46:38,29.12376,-89.96748,8.2,292.7,511.0,HORIZON RUNNER,IMO9384045,WDE4930,60,8,47,9,2.6,60,A
367093960,2022-03-31T10:03:55,29.19078,-89.95566,12.3,217.5,511.0,MISS JESSICA FAYE,IMO8977728,WDC8845,60,0,34,7,,39,A
367093960,2022-03-31T10:05:05,29.18765,-89.95860,11.9,228.1,511.0,MISS JESSICA FAYE,IMO8977728,WDC8845,60,0,34,7,,39,A
367093960,2022-03-31T10:06:09,29.18482,-89.96115,13.1,210.3,511.0,MISS JESSICA FAYE,IMO8977728,WDC8845,60,0,34,7,,39,A
367093960,2022-03-31T10:07:26,29.18130,-89.96426,11.4,236.2,511.0,MISS JESSICA FAYE,IMO8977728,WDC8845,60,0,34,7,,39,A
367093960,2022-03-31T10:08:33,29.17860,-89.96733,12.6,215.9,511.0,MISS JESSICA FAYE,IMO8977728,WDC8845,60,0,34,7,,39,A
367093960,2022-03-31T10:09:45,29.17506,-89.96978,11.4,206.5,511.0,MISS JESSICA FAYE,IMO8977728,WDC8845,60,0,34,7,,39,A
368038090,2022-03-31T17:30:26,29.18895,-89.93501,9.2,204.8,511.0,GOL SAPPHIRE,IMO8964836,WDK2707,0,0,44,11,3.7,0,A
368038090,2022-03-31T17:31:37,29.18612,-89.93654,9.4,198.8,511.0,GOL SAPPHIRE,IMO8964836,WDK2707,0,0,44,11,3.7,0,A
368038090,2022-03-31T17:32:47,29.18344,-89.93801,9.6,199.5,511.0,GOL SAPPHIRE,IMO8964836,WDK2707,0,0,44,11,3.7,0,A
368038090,2022-03-31T17:33:56,29.18082,-89.93939,9.2,200.8,511.0,GOL SAPPHIRE,IMO8964836,WDK2707,0,0,44,11,3.7,0,A
368038090,2022-03-31T17:35:35,29.17697,-89.94136,9.0,204.6,511.0,GOL SAPPHIRE,IMO8964836,WDK2707,0,0,44,11,3.7,0,A
368038090,2022-03-31T17:36:36,29.17465,-89.94251,8.5,202.2,511.0,GOL SAPPHIRE,IMO8964836,WDK2707,0,0,44,11,3.7,0,A
368038090,2022-03-31T17:37:47,29.17189,-89.94387,9.0,198.3,511.0,GOL SAPPHIRE,IMO8964836,WDK2707,0,0,44,11,3.7,0,A
368038090,2022-03-31T17:38:56,29.16915,-89.94526,9.6,203.3,511.0,GOL SAPPHIRE,IMO8964836,WDK2707,0,0,44,11,3.7,0,A
368038090,2022-03-31T17:40:06,29.16627,-89.94666,9.5,202.1,511.0,GOL SAPPHIRE,IMO8964836,WDK2707,0,0,44,11,3.7,0,A
368038090,2022-03-31T17:41:17,29.16351,-89.94806,9.8,200.4,511.0,GOL SAPPHIRE,IMO8964836,WDK2707,0,0,44,11,3.7,0,A
368038090,2022-03-31T17:42:27,29.16080,-89.94942,9.5,205.5,511.0,GOL SAPPHIRE,IMO8964836,WDK2707,0,0,44,11,3.7,0,A
368038090,2022-03-31T17:43:47,29.15760,-89.95100,8.4,203.8,511.0,GOL SAPPHIRE,IMO8964836,WDK2707,0,0,44,11,3.7,0,A
368038090,2022-03-31T17:44:56,29.15487,-89.95217,8.9,207.0,511.0,GOL SAPPHIRE,IMO8964836,WDK2707,0,0,44,11,3.7,0,A
368038090,2022-03-31T17:46:16,29.15158,-89.95360,9.6,196.9,511.0,GOL SAPPHIRE,IMO8964836,WDK2707,0,0,44,11,3.7,0,A
368038090,2022-03-31T17:47:26,29.14880,-89.95483,9.5,203.1,511.0,GOL SAPPHIRE,IMO8964836,WDK2707,0,0,44,11,3.7,0,A
368038090,2022-03-31T17:48:37,29.14585,-89.95612,9.7,197.8,511.0,GOL SAPPHIRE,IMO8964836,WDK2707,0,0,44,11,3.7,0,A
368038090,2022-03-31T17:49:56,29.14259,-89.95755,9.3,199.0,511.0,GOL SAPPHIRE,IMO8964836,WDK2707,0,0,44,11,3.7,0,A
368038090,2022-03-31T17:51:07,29.13973,-89.95876,8.2,195.7,511.0,GOL SAPPHIRE,IMO8964836,WDK2707,0,0,44,11,3.7,0,A
368038090,2022-03-31T17:52:16,29.13688,-89.95970,8.4,203.1,511.0,GOL SAPPHIRE,IMO8964836,WDK2707,0,0,44,11,3.7,0,A
368038090,2022-03-31T17:53:36,29.13367,-89.96111,9.3,206.5,511.0,GOL SAPPHIRE,IMO8964836,WDK2707,0,0,44,11,3.7,0,A
368038090,2022-03-31T17:54:46,29.13090,-89.96248,9.3,214.8,511.0,GOL SAPPHIRE,IMO8964836,WDK2707,0,0,44,11,3.7,0,A
368038090,2022-03-31T17:55:56,29.12811,-89.96386,8.4,202.9,511.0,GOL SAPPHIRE,IMO8964836,WDK2707,0,0,44,11,3.7,0,A
368038090,2022-03-31T17:57:07,29.12592,-89.96549,7.7,201.6,511.0,GOL SAPPHIRE,IMO8964836,WDK2707,0,0,44,11,3.7,0,A
368038090,2022-03-31T17:58:17,29.12406,-89.96661,5.8,219.7,511.0,GOL SAPPHIRE,IMO8964836,WDK2707,0,0,44,11,3.7,0,A
368038090,2022-03-31T17:59:47,29.12131,-89.96775,8.0,194.5,511.0,GOL SAPPHIRE,IMO8964836,WDK2707,0,0,44,11,3.7,0,A
368038090,2022-03-31T18:00:06,29.12064,-89.96791,8.3,196.3,511.0,GOL SAPPHIRE,IMO8964836,WDK2707,0,0,44,11,3.7,0,A
368038090,2022-03-31T18:01:17,29.11785,-89.96859,8.0,191.2,511.0,GOL SAPPHIRE,IMO8964836,WDK2707,0,0,44,11,3.7,0,A
368038090,2022-03-31T18:02:47,29.11452,-89.96910,8.4,189.3,511.0,GOL SAPPHIRE,IMO8964836,WDK2707,0,0,44,11,3.7,0,A
368038090,2022-03-31T18:03:57,29.11199,-89.96941,7.7,187.1,511.0,GOL SAPPHIRE,IMO8964836,WDK2707,0,0,44,11,3.7,0,A
368038090,2022-03-31T18:05:07,29.10982,-89.96957,3.8,181.0,511.0,GOL SAPPHIRE,IMO8964836,WDK2707,0,0,44,11,3.7,0,A
368038090,2022-03-31T18:06:16,29.10951,-89.96975,1.2,236.3,511.0,GOL SAPPHIRE,IMO8964836,WDK2707,0,0,44,11,3.7,0,A
368038090,2022-03-31T18:12:57,29.10969,-89.96948,1.2,107.2,511.0,GOL SAPPHIRE,IMO8964836,WDK2707,0,0,44,11,3.7,0,A
368038090,2022-03-31T18:14:06,29.10943,-89.96947,1.4,210.9,511.0,GOL SAPPHIRE,IMO8964836,WDK2707,0,0,44,11,3.7,0,A
368038090,2022-03-31T18:17:37,29.11227,-89.96910,7.2,25.2,511.0,GOL SAPPHIRE,IMO8964836,WDK2707,0,0,44,11,3.7,0,A
368038090,2022-03-31T18:18:46,29.11440,-89.96808,6.8,26.6,511.0,GOL SAPPHIRE,IMO8964836,WDK2707,0,0,44,11,3.7,0,A
368038090,2022-03-31T18:20:37,29.11793,-89.96663,7.2,21.8,511.0,GOL SAPPHIRE,IMO8964836,WDK2707,0,0,44,11,3.7,0,A
368038090,2022-03-31T18:21:56,29.12042,-89.96558,7.6,15.4,511.0,GOL SAPPHIRE,IMO8964836,WDK2707,0,0,44,11,3.7,0,A
368038090,2022-03-31T18:23:37,29.12372,-89.96414,7.7,18.8,511.0,GOL SAPPHIRE,IMO8964836,WDK2707,0,0,44,11,3.7,0,A
368038090,2022-03-31T18:24:47,29.12596,-89.96316,7.6,23.1,511.0,GOL SAPPHIRE,IMO8964836,WDK2707,0,0,44,11,3.7,0,A
368038090,2022-03-31T18:25:56,29.12820,-89.96218,7.0,28.1,511.0,GOL SAPPHIRE,IMO8964836,WDK2707,0,0,44,11,3.7,0,A
368038090,2022-03-31T18:27:36,29.13142,-89.96075,7.3,20.6,511.0,GOL SAPPHIRE,IMO8964836,WDK2707,0,0,44,11,3.7,0,A
368038090,2022-03-31T18:28:46,29.13363,-89.95973,7.5,20.1,511.0,GOL SAPPHIRE,IMO8964836,WDK2707,0,0,44,11,3.7,0,A
368038090,2022-03-31T18:29:56,29.13594,-89.95869,7.5,18.0,511.0,GOL SAPPHIRE,IMO8964836,WDK2707,0,0,44,11,3.7,0,A
368038090,2022-03-31T18:31:06,29.13816,-89.95766,7.0,26.3,511.0,GOL SAPPHIRE,IMO8964836,WDK2707,0,0,44,11,3.7,0,A
368038090,2022-03-31T18:32:16,29.14042,-89.95661,6.9,28.0,511.0,GOL SAPPHIRE,IMO8964836,WDK2707,0,0,44,11,3.7,0,A
368038090,2022-03-31T18:33:27,29.14276,-89.95553,7.4,23.9,511.0,GOL SAPPHIRE,IMO8964836,WDK2707,0,0,44,11,3.7,0,A
368038090,2022-03-31T18:34:28,29.14472,-89.95462,8.0,17.9,511.0,GOL SAPPHIRE,IMO8964836,WDK2707,0,0,44,11,3.7,0,A
368038090,2022-03-31T18:35:46,29.14725,-89.95342,7.3,26.5,511.0,GOL SAPPHIRE,IMO8964836,WDK2707,0,0,44,11,3.7,0,A
368038090,2022-03-31T18:37:06,29.14991,-89.95215,7.4,27.0,511.0,GOL SAPPHIRE,IMO8964836,WDK2707,0,0,44,11,3.7,0,A
368038090,2022-03-31T18:38:16,29.15220,-89.95104,8.2,18.7,511.0,GOL SAPPHIRE,IMO8964836,WDK2707,0,0,44,11,3.7,0,A
368038090,2022-03-31T18:39:17,29.15417,-89.95012,7.3,25.0,511.0,GOL SAPPHIRE,IMO8964836,WDK2707,0,0,44,11,3.7,0,A
368038090,2022-03-31T18:40:27,29.15645,-89.94898,7.8,27.0,511.0,GOL SAPPHIRE,IMO8964836,WDK2707,0,0,44,11,3.7,0,A
368038090,2022-03-31T18:41:36,29.15872,-89.94788,7.5,22.6,511.0,GOL SAPPHIRE,IMO8964836,WDK2707,0,0,44,11,3.7,0,A
368038090,2022-03-31T18:43:07,29.16164,-89.94646,7.4,24.3,511.0,GOL SAPPHIRE,IMO8964836,WDK2707,0,0,44,11,3.7,0,A
368038090,2022-03-31T18:44:16,29.16393,-89.94534,7.7,24.4,511.0,GOL SAPPHIRE,IMO8964836,WDK2707,0,0,44,11,3.7,0,A
368038090,2022-03-31T18:45:27,29.16625,-89.94418,7.5,18.6,511.0,GOL SAPPHIRE,IMO8964836,WDK2707,0,0,44,11,3.7,0,A
368038090,2022-03-31T18:46:37,29.16852,-89.94307,8.0,22.6,511.0,GOL SAPPHIRE,IMO8964836,WDK2707,0,0,44,11,3.7,0,A
368038090,2022-03-31T18:47:46,29.17080,-89.94192,8.0,25.5,511.0,GOL SAPPHIRE,IMO8964836,WDK2707,0,0,44,11,3.7,0,A
368038090,2022-03-31T18:48:56,29.17316,-89.94076,7.8,23.2,511.0,GOL SAPPHIRE,IMO8964836,WDK2707,0,0,44,11,3.7,0,A
368038090,2022-03-31T18:49:57,29.17521,-89.93982,7.2,25.2,511.0,GOL SAPPHIRE,IMO8964836,WDK2707,0,0,44,11,3.7,0,A
368038090,2022-03-31T18:51:06,29.17753,-89.93880,7.9,18.1,511.0,GOL SAPPHIRE,IMO8964836,WDK2707,0,0,44,11,3.7,0,A
368038090,2022-03-31T18:52:07,29.17958,-89.93789,7.2,22.9,511.0,GOL SAPPHIRE,IMO8964836,WDK2707,0,0,44,11,3.7,0,A
368038090,2022-03-31T18:53:27,29.18227,-89.93667,7.8,22.4,511.0,GOL SAPPHIRE,IMO8964836,WDK2707,0,0,44,11,3.7,0,A
368038090,2022-03-31T18:54:36,29.18458,-89.93565,8.0,19.9,511.0,GOL SAPPHIRE,IMO8964836,WDK2707,0,0,44,11,3.7,0,A
368038090,2022-03-31T18:55:47,29.18697,-89.93459,7.8,24.1,511.0,GOL SAPPHIRE,IMO8964836,WDK2707,0,0,44,11,3.7,0,A
368038090,2022-03-31T18:56:56,29.18932,-89.93354,8.2,25.0,511.0,GOL SAPPHIRE,IMO8964836,WDK2707,0,0,44,11,3.7,0,A
367138490,2022-03-31T23:24:32,29.18778,-89.86441,16.6,171.8,175.0,ANNA M,IMO9406403,WDD3952,60,0,44,8,2.4,60,A
367138490,2022-03-31T23:25:43,29.18227,-89.86381,16.6,172.5,173.0,ANNA M,IMO9406403,WDD3952,60,0,44,8,2.4,60,A
367138490,2022-03-31T23:26:49,29.17722,-89.86308,16.5,175.1,177.0,ANNA M,IMO9406403,WDD3952,60,0,44,8,2.4,60,A
367138490,2022-03-31T23:28:01,29.17170,-89.86261,16.3,172.4,172.0,ANNA M,IMO9406403,WDD3952,60,0,44,8,2.4,60,A
367138490,2022-03-31T23:29:07,29.16666,-89.86190,16.6,175.9,177.0,ANNA M,IMO9406403,WDD3952,60,0,44,8,2.4,60,A
367138490,2022-03-31T23:30:13,29.16161,-89.86125,16.6,171.4,173.0,ANNA M,IMO9406403,WDD3952,60,0,44,8,2.4,60,A
367138490,2022-03-31T23:31:19,29.15653,-89.86070,16.4,175.9,177.0,ANNA M,IMO9406403,WDD3952,60,0,44,8,2.4,60,A
367138490,2022-03-31T23:32:43,29.15010,-89.85993,16.5,175.6,177.0,ANNA M,IMO9406403,WDD3952,60,0,44,8,2.4,60,A
367138490,2022-03-31T23:33:55,29.14459,-89.85921,16.4,171.5,173.0,ANNA M,IMO9406403,WDD3952,60,0,44,8,2.4,60,A
367138490,2022-03-31T23:35:01,29.13952,-89.85862,16.6,174.6,175.0,ANNA M,IMO9406403,WDD3952,60,0,44,8,2.4,60,A
367138490,2022-03-31T23:36:07,29.13447,-89.85802,16.6,175.2,178.0,ANNA M,IMO9406403,WDD3952,60,0,44,8,2.4,60,A
367138490,2022-03-31T23:37:25,29.12846,-89.85799,16.5,179.1,179.0,ANNA M,IMO9406403,WDD3952,60,0,44,8,2.4,60,A
367138490,2022-03-31T23:38:44,29.12248,-89.85778,16.6,179.7,181.0,ANNA M,IMO9406403,WDD3952,60,0,44,8,2.4,60,A
367138490,2022-03-31T23:39:49,29.11741,-89.85765,16.6,175.7,175.0,ANNA M,IMO9406403,WDD3952,60,0,44,8,2.4,60,A
367138490,2022-03-31T23:41:07,29.11142,-89.85724,16.6,179.4,180.0,ANNA M,IMO9406403,WDD3952,60,0,44,8,2.4,60,A
367138490,2022-03-31T23:42:08,29.10681,-89.85698,16.6,173.9,175.0,ANNA M,IMO9406403,WDD3952,60,0,44,8,2.4,60,A
367138490,2022-03-31T23:43:19,29.10128,-89.85671,16.6,182.5,184.0,ANNA M,IMO9406403,WDD3952,60,0,44,8,2.4,60,A
367138490,2022-03-31T23:44:25,29.09623,-89.85657,16.5,175.1,178.0,ANNA M,IMO9406403,WDD3952,60,0,44,8,2.4,60,A
367138490,2022-03-31T23:45:32,29.09116,-89.85648,16.6,181.1,183.0,ANNA M,IMO9406403,WDD3952,60,0,44,8,2.4,60,A
367138490,2022-03-31T23:46:43,29.08562,-89.85622,16.5,175.7,178.0,ANNA M,IMO9406403,WDD3952,60,0,44,8,2.4,60,A
367138490,2022-03-31T23:47:49,29.08053,-89.85600,16.6,178.5,180.0,ANNA M,IMO9406403,WDD3952,60,0,44,8,2.4,60,A
367138490,2022-03-31T23:49:07,29.07449,-89.85578,16.6,178.9,181.0,ANNA M,IMO9406403,WDD3952,60,0,44,8,2.4,60,A
367138490,2022-03-31T23:50:43,29.06706,-89.85537,16.7,179.2,182.0,ANNA M,IMO9406403,WDD3952,60,0,44,8,2.4,60,A
368027780,2022-03-31T23:51:55,29.19162,-89.92790,16.1,201.3,223.0,MR RIDGE,IMO0001452,WDJ9621,39,0,59,9,2.0,39,A
367138490,2022-03-31T23:51:55,29.06152,-89.85514,16.5,176.4,179.0,ANNA M,IMO9406403,WDD3952,60,0,44,8,2.4,60,A
368027780,2022-03-31T23:53:00,29.18725,-89.93033,16.3,191.3,212.0,MR RIDGE,IMO0001452,WDJ9621,39,0,59,9,2.0,39,A
367138490,2022-03-31T23:53:43,29.05320,-89.85467,16.6,176.2,180.0,ANNA M,IMO9406403,WDD3952,60,0,44,8,2.4,60,A
368027780,2022-03-31T23:54:23,29.18110,-89.93230,16.8,192.0,211.0,MR RIDGE,IMO0001452,WDJ9621,39,0,59,9,2.0,39,A
367138490,2022-03-31T23:54:55,29.04764,-89.85465,16.3,183.2,185.0,ANNA M,IMO9406403,WDD3952,60,0,44,8,2.4,60,A
368027780,2022-03-31T23:55:25,29.17641,-89.93358,16.6,202.0,222.0,MR RIDGE,IMO0001452,WDJ9621,39,0,59,9,2.0,39,A
367138490,2022-03-31T23:56:32,29.04026,-89.85441,16.6,181.4,183.0,ANNA M,IMO9406403,WDD3952,60,0,44,8,2.4,60,A
368027780,2022-03-31T23:56:47,29.17033,-89.93526,17.0,197.5,217.0,MR RIDGE,IMO0001452,WDJ9621,39,0,59,9,2.0,39,A
368027780,2022-03-31T23:57:52,29.16545,-89.93659,16.9,188.8,204.0,MR RIDGE,IMO0001452,WDJ9621,39,0,59,9,2.0,39,A
368027780,2022-03-31T23:59:05,29.15990,-89.93809,17.0,193.4,214.0,MR RIDGE,IMO0001452,WDJ9621,39,0,59,9,2.0,39,A
368027780,2022-04-01T00:00:05,29.15529,-89.93906,16.8,194.1,213.0,MR RIDGE,IMO0001452,WDJ9621,39,0,59,9,2.0,39,A
368027780,2022-04-01T00:01:12,29.15019,-89.94047,16.9,188.9,209.0,MR RIDGE,IMO0001452,WDJ9621,39,0,59,9,2.0,39,A
368027780,2022-04-01T00:02:23,29.14470,-89.94168,16.7,191.4,205.0,MR RIDGE,IMO0001452,WDJ9621,39,0,59,9,2.0,39,A
368027780,2022-04-01T00:03:25,29.13985,-89.94243,17.1,189.7,212.0,MR RIDGE,IMO0001452,WDJ9621,39,0,59,9,2.0,39,A
368027780,2022-04-01T00:04:29,29.13505,-89.94371,16.5,187.6,208.0,MR RIDGE,IMO0001452,WDJ9621,39,0,59,9,2.0,39,A
368027780,2022-04-01T00:05:35,29.13003,-89.94487,16.9,188.6,208.0,MR RIDGE,IMO0001452,WDJ9621,39,0,59,9,2.0,39,A
368027780,2022-04-01T00:06:48,29.12451,-89.94657,17.0,189.2,211.0,MR RIDGE,IMO0001452,WDJ9621,39,0,59,9,2.0,39,A
368027780,2022-04-01T00:07:50,29.11985,-89.94782,17.0,200.8,223.0,MR RIDGE,IMO0001452,WDJ9621,39,0,59,9,2.0,39,A
368027780,2022-04-01T00:09:23,29.11287,-89.95012,17.2,191.9,211.0,MR RIDGE,IMO0001452,WDJ9621,39,0,59,9,2.0,39,A
368027780,2022-04-01T00:11:05,29.10510,-89.95233,16.5,194.2,212.0,MR RIDGE,IMO0001452,WDJ9621,39,0,59,9,2.0,39,A
368027780,2022-04-01T00:13:23,29.09475,-89.95505,16.9,187.0,207.0,MR RIDGE,IMO0001452,WDJ9621,39,0,59,9,2.0,39,A
368027780,2022-04-01T00:14:41,29.08877,-89.95659,17.0,201.4,221.0,MR RIDGE,IMO0001452,WDJ9621,39,0,59,9,2.0,39,A
368027780,2022-04-01T00:16:04,29.08294,-89.95950,16.6,198.0,213.0,MR RIDGE,IMO0001452,WDJ9621,39,0,59,9,2.0,39,A
368027780,2022-04-01T00:18:05,29.07429,-89.96377,16.9,201.9,224.0,MR RIDGE,IMO0001452,WDJ9621,39,0,59,9,2.0,39,A
368027780,2022-04-01T00:19:29,29.06836,-89.96688,16.9,205.9,226.0,MR RIDGE,IMO0001452,WDJ9621,39,0,59,9,2.0,39,A
368038090,2022-04-01T07:54:46,29.19037,-89.95545,9.1,225.3,511.0,GOL SAPPHIRE,IMO8964836,WDK2707,0,0,44,11,3.7,0,A
368038090,2022-04-01T07:55:57,29.18849,-89.95799,8.9,227.3,511.0,GOL SAPPHIRE,IMO8964836,WDK2707,0,0,44,11,3.7,0,A
368038090,2022-04-01T07:57:17,29.18640,-89.96080,8.7,230.8,511.0,GOL SAPPHIRE,IMO8964836,WDK2707,0,0,44,11,3.7,0,A
368038090,2022-04-01T07:58:36,29.18427,-89.96368,8.9,230.0,511.0,GOL SAPPHIRE,IMO8964836,WDK2707,0,0,44,11,3.7,0,A
368038090,2022-04-01T07:59:46,29.18240,-89.96620,9.0,226.3,511.0,GOL SAPPHIRE,IMO8964836,WDK2707,0,0,44,11,3.7,0,A
368038090,2022-04-01T08:00:06,29.18185,-89.96692,8.8,232.5,511.0,GOL SAPPHIRE,IMO8964836,WDK2707,0,0,44,11,3.7,0,A
368038090,2022-04-01T08:01:27,29.17967,-89.96987,8.9,230.5,511.0,GOL SAPPHIRE,IMO8964836,WDK2707,0,0,44,11,3.7,0,A
367156260,2022-04-01T20:04:41,29.19133,-89.84433,9.9,133.0,133.0,WARREN THOMAS,IMO9399454,WDJ6269,90,0,50,10,3.6,0,A
367156260,2022-04-01T20:05:53,29.18917,-89.84167,9.7,133.0,133.0,WARREN THOMAS,IMO9399454,WDJ6269,90,0,50,10,3.6,0,A
367156260,2022-04-01T20:07:03,29.18700,-89.83900,10.0,132.0,133.0,WARREN THOMAS,IMO9399454,WDJ6269,90,0,50,10,3.6,0,A
367156260,2022-04-01T20:08:12,29.18483,-89.83633,9.8,134.0,134.0,WARREN THOMAS,IMO9399454,WDJ6269,90,0,50,10,3.6,0,A
367156260,2022-04-01T20:09:22,29.18267,-89.83383,9.8,133.0,133.0,WARREN THOMAS,IMO9399454,WDJ6269,90,0,50,10,3.6,0,A
367156260,2022-04-01T20:10:32,29.18033,-89.83117,9.9,134.0,134.0,WARREN THOMAS,IMO9399454,WDJ6269,90,0,50,10,3.6,0,A
367156260,2022-04-01T20:11:42,29.17817,-89.82850,9.8,133.0,134.0,WARREN THOMAS,IMO9399454,WDJ6269,90,0,50,10,3.6,0,A
367156260,2022-04-01T20:12:51,29.17617,-89.82583,9.8,133.0,134.0,WARREN THOMAS,IMO9399454,WDJ6269,90,0,50,10,3.6,0,A
367156260,2022-04-01T20:14:01,29.17383,-89.82317,10.1,133.0,133.0,WARREN THOMAS,IMO9399454,WDJ6269,90,0,50,10,3.6,0,A
367156260,2022-04-01T20:15:12,29.17167,-89.82050,9.8,135.0,134.0,WARREN THOMAS,IMO9399454,WDJ6269,90,0,50,10,3.6,0,A
367156260,2022-04-01T20:16:22,29.16950,-89.81783,9.9,134.0,134.0,WARREN THOMAS,IMO9399454,WDJ6269,90,0,50,10,3.6,0,A
367156260,2022-04-01T20:17:32,29.16733,-89.81517,9.6,132.0,134.0,WARREN THOMAS,IMO9399454,WDJ6269,90,0,50,10,3.6,0,A
367156260,2022-04-01T20:18:42,29.16517,-89.81250,9.8,134.0,134.0,WARREN THOMAS,IMO9399454,WDJ6269,90,0,50,10,3.6,0,A
367156260,2022-04-01T20:19:53,29.16300,-89.81000,9.6,133.0,133.0,WARREN THOMAS,IMO9399454,WDJ6269,90,0,50,10,3.6,0,A
367156260,2022-04-01T20:21:02,29.16083,-89.80750,9.5,134.0,134.0,WARREN THOMAS,IMO9399454,WDJ6269,90,0,50,10,3.6,0,A
367156260,2022-04-01T20:22:12,29.15867,-89.80483,9.6,133.0,133.0,WARREN THOMAS,IMO9399454,WDJ6269,90,0,50,10,3.6,0,A
367156260,2022-04-01T20:23:21,29.15667,-89.80233,9.6,133.0,134.0,WARREN THOMAS,IMO9399454,WDJ6269,90,0,50,10,3.6,0,A
367608850,2022-04-01T23:25:53,29.19150,-89.96922,16.3,54.4,511.0,POPPA P,IMO8977833,WDH3587,60,0,44,9,2.0,60,A
